key,A,C,T,G,rare,deleterious,coding,indel,active_site,tfbs,eqtl,dnase,methyl
0,1,0,0,0,0,0,0,0,0,0,0,0,0
1,1,0,0,0,0,0,0,0,0,0,0,0,1
2,1,0,0,0,0,0,0,0,0,0,0,1,0
3,1,0,0,0,0,0,0,0,0,0,0,1,1
4,1,0,0,0,0,0,0,0,0,0,1,0,0
5,1,0,0,0,0,0,0,0,0,0,1,0,1
6,1,0,0,0,0,0,0,0,0,0,1,1,0
7,1,0,0,0,0,0,0,0,0,0,1,1,1
8,1,0,0,0,0,0,0,0,0,1,0,0,0
9,1,0,0,0,0,0,0,0,0,1,0,0,1
10,1,0,0,0,0,0,0,0,0,1,0,1,0
11,1,0,0,0,0,0,0,0,0,1,0,1,1
12,1,0,0,0,0,0,0,0,0,1,1,0,0
13,1,0,0,0,0,0,0,0,0,1,1,0,1
14,1,0,0,0,0,0,0,0,0,1,1,1,0
15,1,0,0,0,0,0,0,0,0,1,1,1,1
16,1,0,0,0,0,0,0,0,1,0,0,0,0
17,1,0,0,0,0,0,0,0,1,0,0,0,1
18,1,0,0,0,0,0,0,0,1,0,0,1,0
19,1,0,0,0,0,0,0,0,1,0,0,1,1
20,1,0,0,0,0,0,0,0,1,0,1,0,0
21,1,0,0,0,0,0,0,0,1,0,1,0,1
22,1,0,0,0,0,0,0,0,1,0,1,1,0
23,1,0,0,0,0,0,0,0,1,0,1,1,1
24,1,0,0,0,0,0,0,0,1,1,0,0,0
25,1,0,0,0,0,0,0,0,1,1,0,0,1
26,1,0,0,0,0,0,0,0,1,1,0,1,0
27,1,0,0,0,0,0,0,0,1,1,0,1,1
28,1,0,0,0,0,0,0,0,1,1,1,0,0
29,1,0,0,0,0,0,0,0,1,1,1,0,1
30,1,0,0,0,0,0,0,0,1,1,1,1,0
31,1,0,0,0,0,0,0,0,1,1,1,1,1
32,1,0,0,0,0,0,0,1,0,0,0,0,0
33,1,0,0,0,0,0,0,1,0,0,0,0,1
34,1,0,0,0,0,0,0,1,0,0,0,1,0
35,1,0,0,0,0,0,0,1,0,0,0,1,1
36,1,0,0,0,0,0,0,1,0,0,1,0,0
37,1,0,0,0,0,0,0,1,0,0,1,0,1
38,1,0,0,0,0,0,0,1,0,0,1,1,0
39,1,0,0,0,0,0,0,1,0,0,1,1,1
40,1,0,0,0,0,0,0,1,0,1,0,0,0
41,1,0,0,0,0,0,0,1,0,1,0,0,1
42,1,0,0,0,0,0,0,1,0,1,0,1,0
43,1,0,0,0,0,0,0,1,0,1,0,1,1
44,1,0,0,0,0,0,0,1,0,1,1,0,0
45,1,0,0,0,0,0,0,1,0,1,1,0,1
46,1,0,0,0,0,0,0,1,0,1,1,1,0
47,1,0,0,0,0,0,0,1,0,1,1,1,1
48,1,0,0,0,0,0,0,1,1,0,0,0,0
49,1,0,0,0,0,0,0,1,1,0,0,0,1
50,1,0,0,0,0,0,0,1,1,0,0,1,0
51,1,0,0,0,0,0,0,1,1,0,0,1,1
52,1,0,0,0,0,0,0,1,1,0,1,0,0
53,1,0,0,0,0,0,0,1,1,0,1,0,1
54,1,0,0,0,0,0,0,1,1,0,1,1,0
55,1,0,0,0,0,0,0,1,1,0,1,1,1
56,1,0,0,0,0,0,0,1,1,1,0,0,0
57,1,0,0,0,0,0,0,1,1,1,0,0,1
58,1,0,0,0,0,0,0,1,1,1,0,1,0
59,1,0,0,0,0,0,0,1,1,1,0,1,1
60,1,0,0,0,0,0,0,1,1,1,1,0,0
61,1,0,0,0,0,0,0,1,1,1,1,0,1
62,1,0,0,0,0,0,0,1,1,1,1,1,0
63,1,0,0,0,0,0,0,1,1,1,1,1,1
64,1,0,0,0,0,0,1,0,0,0,0,0,0
65,1,0,0,0,0,0,1,0,0,0,0,0,1
66,1,0,0,0,0,0,1,0,0,0,0,1,0
67,1,0,0,0,0,0,1,0,0,0,0,1,1
68,1,0,0,0,0,0,1,0,0,0,1,0,0
69,1,0,0,0,0,0,1,0,0,0,1,0,1
70,1,0,0,0,0,0,1,0,0,0,1,1,0
71,1,0,0,0,0,0,1,0,0,0,1,1,1
72,1,0,0,0,0,0,1,0,0,1,0,0,0
73,1,0,0,0,0,0,1,0,0,1,0,0,1
74,1,0,0,0,0,0,1,0,0,1,0,1,0
75,1,0,0,0,0,0,1,0,0,1,0,1,1
76,1,0,0,0,0,0,1,0,0,1,1,0,0
77,1,0,0,0,0,0,1,0,0,1,1,0,1
78,1,0,0,0,0,0,1,0,0,1,1,1,0
79,1,0,0,0,0,0,1,0,0,1,1,1,1
80,1,0,0,0,0,0,1,0,1,0,0,0,0
81,1,0,0,0,0,0,1,0,1,0,0,0,1
82,1,0,0,0,0,0,1,0,1,0,0,1,0
83,1,0,0,0,0,0,1,0,1,0,0,1,1
84,1,0,0,0,0,0,1,0,1,0,1,0,0
85,1,0,0,0,0,0,1,0,1,0,1,0,1
86,1,0,0,0,0,0,1,0,1,0,1,1,0
87,1,0,0,0,0,0,1,0,1,0,1,1,1
88,1,0,0,0,0,0,1,0,1,1,0,0,0
89,1,0,0,0,0,0,1,0,1,1,0,0,1
90,1,0,0,0,0,0,1,0,1,1,0,1,0
91,1,0,0,0,0,0,1,0,1,1,0,1,1
92,1,0,0,0,0,0,1,0,1,1,1,0,0
93,1,0,0,0,0,0,1,0,1,1,1,0,1
94,1,0,0,0,0,0,1,0,1,1,1,1,0
95,1,0,0,0,0,0,1,0,1,1,1,1,1
96,1,0,0,0,0,0,1,1,0,0,0,0,0
97,1,0,0,0,0,0,1,1,0,0,0,0,1
98,1,0,0,0,0,0,1,1,0,0,0,1,0
99,1,0,0,0,0,0,1,1,0,0,0,1,1
100,1,0,0,0,0,0,1,1,0,0,1,0,0
101,1,0,0,0,0,0,1,1,0,0,1,0,1
102,1,0,0,0,0,0,1,1,0,0,1,1,0
103,1,0,0,0,0,0,1,1,0,0,1,1,1
104,1,0,0,0,0,0,1,1,0,1,0,0,0
105,1,0,0,0,0,0,1,1,0,1,0,0,1
106,1,0,0,0,0,0,1,1,0,1,0,1,0
107,1,0,0,0,0,0,1,1,0,1,0,1,1
108,1,0,0,0,0,0,1,1,0,1,1,0,0
109,1,0,0,0,0,0,1,1,0,1,1,0,1
110,1,0,0,0,0,0,1,1,0,1,1,1,0
111,1,0,0,0,0,0,1,1,0,1,1,1,1
112,1,0,0,0,0,0,1,1,1,0,0,0,0
113,1,0,0,0,0,0,1,1,1,0,0,0,1
114,1,0,0,0,0,0,1,1,1,0,0,1,0
115,1,0,0,0,0,0,1,1,1,0,0,1,1
116,1,0,0,0,0,0,1,1,1,0,1,0,0
117,1,0,0,0,0,0,1,1,1,0,1,0,1
118,1,0,0,0,0,0,1,1,1,0,1,1,0
119,1,0,0,0,0,0,1,1,1,0,1,1,1
120,1,0,0,0,0,0,1,1,1,1,0,0,0
121,1,0,0,0,0,0,1,1,1,1,0,0,1
122,1,0,0,0,0,0,1,1,1,1,0,1,0
123,1,0,0,0,0,0,1,1,1,1,0,1,1
124,1,0,0,0,0,0,1,1,1,1,1,0,0
125,1,0,0,0,0,0,1,1,1,1,1,0,1
126,1,0,0,0,0,0,1,1,1,1,1,1,0
127,1,0,0,0,0,0,1,1,1,1,1,1,1
128,1,0,0,0,0,1,0,0,0,0,0,0,0
129,1,0,0,0,0,1,0,0,0,0,0,0,1
130,1,0,0,0,0,1,0,0,0,0,0,1,0
131,1,0,0,0,0,1,0,0,0,0,0,1,1
132,1,0,0,0,0,1,0,0,0,0,1,0,0
133,1,0,0,0,0,1,0,0,0,0,1,0,1
134,1,0,0,0,0,1,0,0,0,0,1,1,0
135,1,0,0,0,0,1,0,0,0,0,1,1,1
136,1,0,0,0,0,1,0,0,0,1,0,0,0
137,1,0,0,0,0,1,0,0,0,1,0,0,1
138,1,0,0,0,0,1,0,0,0,1,0,1,0
139,1,0,0,0,0,1,0,0,0,1,0,1,1
140,1,0,0,0,0,1,0,0,0,1,1,0,0
141,1,0,0,0,0,1,0,0,0,1,1,0,1
142,1,0,0,0,0,1,0,0,0,1,1,1,0
143,1,0,0,0,0,1,0,0,0,1,1,1,1
144,1,0,0,0,0,1,0,0,1,0,0,0,0
145,1,0,0,0,0,1,0,0,1,0,0,0,1
146,1,0,0,0,0,1,0,0,1,0,0,1,0
147,1,0,0,0,0,1,0,0,1,0,0,1,1
148,1,0,0,0,0,1,0,0,1,0,1,0,0
149,1,0,0,0,0,1,0,0,1,0,1,0,1
150,1,0,0,0,0,1,0,0,1,0,1,1,0
151,1,0,0,0,0,1,0,0,1,0,1,1,1
152,1,0,0,0,0,1,0,0,1,1,0,0,0
153,1,0,0,0,0,1,0,0,1,1,0,0,1
154,1,0,0,0,0,1,0,0,1,1,0,1,0
155,1,0,0,0,0,1,0,0,1,1,0,1,1
156,1,0,0,0,0,1,0,0,1,1,1,0,0
157,1,0,0,0,0,1,0,0,1,1,1,0,1
158,1,0,0,0,0,1,0,0,1,1,1,1,0
159,1,0,0,0,0,1,0,0,1,1,1,1,1
160,1,0,0,0,0,1,0,1,0,0,0,0,0
161,1,0,0,0,0,1,0,1,0,0,0,0,1
162,1,0,0,0,0,1,0,1,0,0,0,1,0
163,1,0,0,0,0,1,0,1,0,0,0,1,1
164,1,0,0,0,0,1,0,1,0,0,1,0,0
165,1,0,0,0,0,1,0,1,0,0,1,0,1
166,1,0,0,0,0,1,0,1,0,0,1,1,0
167,1,0,0,0,0,1,0,1,0,0,1,1,1
168,1,0,0,0,0,1,0,1,0,1,0,0,0
169,1,0,0,0,0,1,0,1,0,1,0,0,1
170,1,0,0,0,0,1,0,1,0,1,0,1,0
171,1,0,0,0,0,1,0,1,0,1,0,1,1
172,1,0,0,0,0,1,0,1,0,1,1,0,0
173,1,0,0,0,0,1,0,1,0,1,1,0,1
174,1,0,0,0,0,1,0,1,0,1,1,1,0
175,1,0,0,0,0,1,0,1,0,1,1,1,1
176,1,0,0,0,0,1,0,1,1,0,0,0,0
177,1,0,0,0,0,1,0,1,1,0,0,0,1
178,1,0,0,0,0,1,0,1,1,0,0,1,0
179,1,0,0,0,0,1,0,1,1,0,0,1,1
180,1,0,0,0,0,1,0,1,1,0,1,0,0
181,1,0,0,0,0,1,0,1,1,0,1,0,1
182,1,0,0,0,0,1,0,1,1,0,1,1,0
183,1,0,0,0,0,1,0,1,1,0,1,1,1
184,1,0,0,0,0,1,0,1,1,1,0,0,0
185,1,0,0,0,0,1,0,1,1,1,0,0,1
186,1,0,0,0,0,1,0,1,1,1,0,1,0
187,1,0,0,0,0,1,0,1,1,1,0,1,1
188,1,0,0,0,0,1,0,1,1,1,1,0,0
189,1,0,0,0,0,1,0,1,1,1,1,0,1
190,1,0,0,0,0,1,0,1,1,1,1,1,0
191,1,0,0,0,0,1,0,1,1,1,1,1,1
192,1,0,0,0,0,1,1,0,0,0,0,0,0
193,1,0,0,0,0,1,1,0,0,0,0,0,1
194,1,0,0,0,0,1,1,0,0,0,0,1,0
195,1,0,0,0,0,1,1,0,0,0,0,1,1
196,1,0,0,0,0,1,1,0,0,0,1,0,0
197,1,0,0,0,0,1,1,0,0,0,1,0,1
198,1,0,0,0,0,1,1,0,0,0,1,1,0
199,1,0,0,0,0,1,1,0,0,0,1,1,1
200,1,0,0,0,0,1,1,0,0,1,0,0,0
201,1,0,0,0,0,1,1,0,0,1,0,0,1
202,1,0,0,0,0,1,1,0,0,1,0,1,0
203,1,0,0,0,0,1,1,0,0,1,0,1,1
204,1,0,0,0,0,1,1,0,0,1,1,0,0
205,1,0,0,0,0,1,1,0,0,1,1,0,1
206,1,0,0,0,0,1,1,0,0,1,1,1,0
207,1,0,0,0,0,1,1,0,0,1,1,1,1
208,1,0,0,0,0,1,1,0,1,0,0,0,0
209,1,0,0,0,0,1,1,0,1,0,0,0,1
210,1,0,0,0,0,1,1,0,1,0,0,1,0
211,1,0,0,0,0,1,1,0,1,0,0,1,1
212,1,0,0,0,0,1,1,0,1,0,1,0,0
213,1,0,0,0,0,1,1,0,1,0,1,0,1
214,1,0,0,0,0,1,1,0,1,0,1,1,0
215,1,0,0,0,0,1,1,0,1,0,1,1,1
216,1,0,0,0,0,1,1,0,1,1,0,0,0
217,1,0,0,0,0,1,1,0,1,1,0,0,1
218,1,0,0,0,0,1,1,0,1,1,0,1,0
219,1,0,0,0,0,1,1,0,1,1,0,1,1
220,1,0,0,0,0,1,1,0,1,1,1,0,0
221,1,0,0,0,0,1,1,0,1,1,1,0,1
222,1,0,0,0,0,1,1,0,1,1,1,1,0
223,1,0,0,0,0,1,1,0,1,1,1,1,1
224,1,0,0,0,0,1,1,1,0,0,0,0,0
225,1,0,0,0,0,1,1,1,0,0,0,0,1
226,1,0,0,0,0,1,1,1,0,0,0,1,0
227,1,0,0,0,0,1,1,1,0,0,0,1,1
228,1,0,0,0,0,1,1,1,0,0,1,0,0
229,1,0,0,0,0,1,1,1,0,0,1,0,1
230,1,0,0,0,0,1,1,1,0,0,1,1,0
231,1,0,0,0,0,1,1,1,0,0,1,1,1
232,1,0,0,0,0,1,1,1,0,1,0,0,0
233,1,0,0,0,0,1,1,1,0,1,0,0,1
234,1,0,0,0,0,1,1,1,0,1,0,1,0
235,1,0,0,0,0,1,1,1,0,1,0,1,1
236,1,0,0,0,0,1,1,1,0,1,1,0,0
237,1,0,0,0,0,1,1,1,0,1,1,0,1
238,1,0,0,0,0,1,1,1,0,1,1,1,0
239,1,0,0,0,0,1,1,1,0,1,1,1,1
240,1,0,0,0,0,1,1,1,1,0,0,0,0
241,1,0,0,0,0,1,1,1,1,0,0,0,1
242,1,0,0,0,0,1,1,1,1,0,0,1,0
243,1,0,0,0,0,1,1,1,1,0,0,1,1
244,1,0,0,0,0,1,1,1,1,0,1,0,0
245,1,0,0,0,0,1,1,1,1,0,1,0,1
246,1,0,0,0,0,1,1,1,1,0,1,1,0
247,1,0,0,0,0,1,1,1,1,0,1,1,1
248,1,0,0,0,0,1,1,1,1,1,0,0,0
249,1,0,0,0,0,1,1,1,1,1,0,0,1
250,1,0,0,0,0,1,1,1,1,1,0,1,0
251,1,0,0,0,0,1,1,1,1,1,0,1,1
252,1,0,0,0,0,1,1,1,1,1,1,0,0
253,1,0,0,0,0,1,1,1,1,1,1,0,1
254,1,0,0,0,0,1,1,1,1,1,1,1,0
255,1,0,0,0,0,1,1,1,1,1,1,1,1
256,1,0,0,0,1,0,0,0,0,0,0,0,0
257,1,0,0,0,1,0,0,0,0,0,0,0,1
258,1,0,0,0,1,0,0,0,0,0,0,1,0
259,1,0,0,0,1,0,0,0,0,0,0,1,1
260,1,0,0,0,1,0,0,0,0,0,1,0,0
261,1,0,0,0,1,0,0,0,0,0,1,0,1
262,1,0,0,0,1,0,0,0,0,0,1,1,0
263,1,0,0,0,1,0,0,0,0,0,1,1,1
264,1,0,0,0,1,0,0,0,0,1,0,0,0
265,1,0,0,0,1,0,0,0,0,1,0,0,1
266,1,0,0,0,1,0,0,0,0,1,0,1,0
267,1,0,0,0,1,0,0,0,0,1,0,1,1
268,1,0,0,0,1,0,0,0,0,1,1,0,0
269,1,0,0,0,1,0,0,0,0,1,1,0,1
270,1,0,0,0,1,0,0,0,0,1,1,1,0
271,1,0,0,0,1,0,0,0,0,1,1,1,1
272,1,0,0,0,1,0,0,0,1,0,0,0,0
273,1,0,0,0,1,0,0,0,1,0,0,0,1
274,1,0,0,0,1,0,0,0,1,0,0,1,0
275,1,0,0,0,1,0,0,0,1,0,0,1,1
276,1,0,0,0,1,0,0,0,1,0,1,0,0
277,1,0,0,0,1,0,0,0,1,0,1,0,1
278,1,0,0,0,1,0,0,0,1,0,1,1,0
279,1,0,0,0,1,0,0,0,1,0,1,1,1
280,1,0,0,0,1,0,0,0,1,1,0,0,0
281,1,0,0,0,1,0,0,0,1,1,0,0,1
282,1,0,0,0,1,0,0,0,1,1,0,1,0
283,1,0,0,0,1,0,0,0,1,1,0,1,1
284,1,0,0,0,1,0,0,0,1,1,1,0,0
285,1,0,0,0,1,0,0,0,1,1,1,0,1
286,1,0,0,0,1,0,0,0,1,1,1,1,0
287,1,0,0,0,1,0,0,0,1,1,1,1,1
288,1,0,0,0,1,0,0,1,0,0,0,0,0
289,1,0,0,0,1,0,0,1,0,0,0,0,1
290,1,0,0,0,1,0,0,1,0,0,0,1,0
291,1,0,0,0,1,0,0,1,0,0,0,1,1
292,1,0,0,0,1,0,0,1,0,0,1,0,0
293,1,0,0,0,1,0,0,1,0,0,1,0,1
294,1,0,0,0,1,0,0,1,0,0,1,1,0
295,1,0,0,0,1,0,0,1,0,0,1,1,1
296,1,0,0,0,1,0,0,1,0,1,0,0,0
297,1,0,0,0,1,0,0,1,0,1,0,0,1
298,1,0,0,0,1,0,0,1,0,1,0,1,0
299,1,0,0,0,1,0,0,1,0,1,0,1,1
300,1,0,0,0,1,0,0,1,0,1,1,0,0
301,1,0,0,0,1,0,0,1,0,1,1,0,1
302,1,0,0,0,1,0,0,1,0,1,1,1,0
303,1,0,0,0,1,0,0,1,0,1,1,1,1
304,1,0,0,0,1,0,0,1,1,0,0,0,0
305,1,0,0,0,1,0,0,1,1,0,0,0,1
306,1,0,0,0,1,0,0,1,1,0,0,1,0
307,1,0,0,0,1,0,0,1,1,0,0,1,1
308,1,0,0,0,1,0,0,1,1,0,1,0,0
309,1,0,0,0,1,0,0,1,1,0,1,0,1
310,1,0,0,0,1,0,0,1,1,0,1,1,0
311,1,0,0,0,1,0,0,1,1,0,1,1,1
312,1,0,0,0,1,0,0,1,1,1,0,0,0
313,1,0,0,0,1,0,0,1,1,1,0,0,1
314,1,0,0,0,1,0,0,1,1,1,0,1,0
315,1,0,0,0,1,0,0,1,1,1,0,1,1
316,1,0,0,0,1,0,0,1,1,1,1,0,0
317,1,0,0,0,1,0,0,1,1,1,1,0,1
318,1,0,0,0,1,0,0,1,1,1,1,1,0
319,1,0,0,0,1,0,0,1,1,1,1,1,1
320,1,0,0,0,1,0,1,0,0,0,0,0,0
321,1,0,0,0,1,0,1,0,0,0,0,0,1
322,1,0,0,0,1,0,1,0,0,0,0,1,0
323,1,0,0,0,1,0,1,0,0,0,0,1,1
324,1,0,0,0,1,0,1,0,0,0,1,0,0
325,1,0,0,0,1,0,1,0,0,0,1,0,1
326,1,0,0,0,1,0,1,0,0,0,1,1,0
327,1,0,0,0,1,0,1,0,0,0,1,1,1
328,1,0,0,0,1,0,1,0,0,1,0,0,0
329,1,0,0,0,1,0,1,0,0,1,0,0,1
330,1,0,0,0,1,0,1,0,0,1,0,1,0
331,1,0,0,0,1,0,1,0,0,1,0,1,1
332,1,0,0,0,1,0,1,0,0,1,1,0,0
333,1,0,0,0,1,0,1,0,0,1,1,0,1
334,1,0,0,0,1,0,1,0,0,1,1,1,0
335,1,0,0,0,1,0,1,0,0,1,1,1,1
336,1,0,0,0,1,0,1,0,1,0,0,0,0
337,1,0,0,0,1,0,1,0,1,0,0,0,1
338,1,0,0,0,1,0,1,0,1,0,0,1,0
339,1,0,0,0,1,0,1,0,1,0,0,1,1
340,1,0,0,0,1,0,1,0,1,0,1,0,0
341,1,0,0,0,1,0,1,0,1,0,1,0,1
342,1,0,0,0,1,0,1,0,1,0,1,1,0
343,1,0,0,0,1,0,1,0,1,0,1,1,1
344,1,0,0,0,1,0,1,0,1,1,0,0,0
345,1,0,0,0,1,0,1,0,1,1,0,0,1
346,1,0,0,0,1,0,1,0,1,1,0,1,0
347,1,0,0,0,1,0,1,0,1,1,0,1,1
348,1,0,0,0,1,0,1,0,1,1,1,0,0
349,1,0,0,0,1,0,1,0,1,1,1,0,1
350,1,0,0,0,1,0,1,0,1,1,1,1,0
351,1,0,0,0,1,0,1,0,1,1,1,1,1
352,1,0,0,0,1,0,1,1,0,0,0,0,0
353,1,0,0,0,1,0,1,1,0,0,0,0,1
354,1,0,0,0,1,0,1,1,0,0,0,1,0
355,1,0,0,0,1,0,1,1,0,0,0,1,1
356,1,0,0,0,1,0,1,1,0,0,1,0,0
357,1,0,0,0,1,0,1,1,0,0,1,0,1
358,1,0,0,0,1,0,1,1,0,0,1,1,0
359,1,0,0,0,1,0,1,1,0,0,1,1,1
360,1,0,0,0,1,0,1,1,0,1,0,0,0
361,1,0,0,0,1,0,1,1,0,1,0,0,1
362,1,0,0,0,1,0,1,1,0,1,0,1,0
363,1,0,0,0,1,0,1,1,0,1,0,1,1
364,1,0,0,0,1,0,1,1,0,1,1,0,0
365,1,0,0,0,1,0,1,1,0,1,1,0,1
366,1,0,0,0,1,0,1,1,0,1,1,1,0
367,1,0,0,0,1,0,1,1,0,1,1,1,1
368,1,0,0,0,1,0,1,1,1,0,0,0,0
369,1,0,0,0,1,0,1,1,1,0,0,0,1
370,1,0,0,0,1,0,1,1,1,0,0,1,0
371,1,0,0,0,1,0,1,1,1,0,0,1,1
372,1,0,0,0,1,0,1,1,1,0,1,0,0
373,1,0,0,0,1,0,1,1,1,0,1,0,1
374,1,0,0,0,1,0,1,1,1,0,1,1,0
375,1,0,0,0,1,0,1,1,1,0,1,1,1
376,1,0,0,0,1,0,1,1,1,1,0,0,0
377,1,0,0,0,1,0,1,1,1,1,0,0,1
378,1,0,0,0,1,0,1,1,1,1,0,1,0
379,1,0,0,0,1,0,1,1,1,1,0,1,1
380,1,0,0,0,1,0,1,1,1,1,1,0,0
381,1,0,0,0,1,0,1,1,1,1,1,0,1
382,1,0,0,0,1,0,1,1,1,1,1,1,0
383,1,0,0,0,1,0,1,1,1,1,1,1,1
384,1,0,0,0,1,1,0,0,0,0,0,0,0
385,1,0,0,0,1,1,0,0,0,0,0,0,1
386,1,0,0,0,1,1,0,0,0,0,0,1,0
387,1,0,0,0,1,1,0,0,0,0,0,1,1
388,1,0,0,0,1,1,0,0,0,0,1,0,0
389,1,0,0,0,1,1,0,0,0,0,1,0,1
390,1,0,0,0,1,1,0,0,0,0,1,1,0
391,1,0,0,0,1,1,0,0,0,0,1,1,1
392,1,0,0,0,1,1,0,0,0,1,0,0,0
393,1,0,0,0,1,1,0,0,0,1,0,0,1
394,1,0,0,0,1,1,0,0,0,1,0,1,0
395,1,0,0,0,1,1,0,0,0,1,0,1,1
396,1,0,0,0,1,1,0,0,0,1,1,0,0
397,1,0,0,0,1,1,0,0,0,1,1,0,1
398,1,0,0,0,1,1,0,0,0,1,1,1,0
399,1,0,0,0,1,1,0,0,0,1,1,1,1
400,1,0,0,0,1,1,0,0,1,0,0,0,0
401,1,0,0,0,1,1,0,0,1,0,0,0,1
402,1,0,0,0,1,1,0,0,1,0,0,1,0
403,1,0,0,0,1,1,0,0,1,0,0,1,1
404,1,0,0,0,1,1,0,0,1,0,1,0,0
405,1,0,0,0,1,1,0,0,1,0,1,0,1
406,1,0,0,0,1,1,0,0,1,0,1,1,0
407,1,0,0,0,1,1,0,0,1,0,1,1,1
408,1,0,0,0,1,1,0,0,1,1,0,0,0
409,1,0,0,0,1,1,0,0,1,1,0,0,1
410,1,0,0,0,1,1,0,0,1,1,0,1,0
411,1,0,0,0,1,1,0,0,1,1,0,1,1
412,1,0,0,0,1,1,0,0,1,1,1,0,0
413,1,0,0,0,1,1,0,0,1,1,1,0,1
414,1,0,0,0,1,1,0,0,1,1,1,1,0
415,1,0,0,0,1,1,0,0,1,1,1,1,1
416,1,0,0,0,1,1,0,1,0,0,0,0,0
417,1,0,0,0,1,1,0,1,0,0,0,0,1
418,1,0,0,0,1,1,0,1,0,0,0,1,0
419,1,0,0,0,1,1,0,1,0,0,0,1,1
420,1,0,0,0,1,1,0,1,0,0,1,0,0
421,1,0,0,0,1,1,0,1,0,0,1,0,1
422,1,0,0,0,1,1,0,1,0,0,1,1,0
423,1,0,0,0,1,1,0,1,0,0,1,1,1
424,1,0,0,0,1,1,0,1,0,1,0,0,0
425,1,0,0,0,1,1,0,1,0,1,0,0,1
426,1,0,0,0,1,1,0,1,0,1,0,1,0
427,1,0,0,0,1,1,0,1,0,1,0,1,1
428,1,0,0,0,1,1,0,1,0,1,1,0,0
429,1,0,0,0,1,1,0,1,0,1,1,0,1
430,1,0,0,0,1,1,0,1,0,1,1,1,0
431,1,0,0,0,1,1,0,1,0,1,1,1,1
432,1,0,0,0,1,1,0,1,1,0,0,0,0
433,1,0,0,0,1,1,0,1,1,0,0,0,1
434,1,0,0,0,1,1,0,1,1,0,0,1,0
435,1,0,0,0,1,1,0,1,1,0,0,1,1
436,1,0,0,0,1,1,0,1,1,0,1,0,0
437,1,0,0,0,1,1,0,1,1,0,1,0,1
438,1,0,0,0,1,1,0,1,1,0,1,1,0
439,1,0,0,0,1,1,0,1,1,0,1,1,1
440,1,0,0,0,1,1,0,1,1,1,0,0,0
441,1,0,0,0,1,1,0,1,1,1,0,0,1
442,1,0,0,0,1,1,0,1,1,1,0,1,0
443,1,0,0,0,1,1,0,1,1,1,0,1,1
444,1,0,0,0,1,1,0,1,1,1,1,0,0
445,1,0,0,0,1,1,0,1,1,1,1,0,1
446,1,0,0,0,1,1,0,1,1,1,1,1,0
447,1,0,0,0,1,1,0,1,1,1,1,1,1
448,1,0,0,0,1,1,1,0,0,0,0,0,0
449,1,0,0,0,1,1,1,0,0,0,0,0,1
450,1,0,0,0,1,1,1,0,0,0,0,1,0
451,1,0,0,0,1,1,1,0,0,0,0,1,1
452,1,0,0,0,1,1,1,0,0,0,1,0,0
453,1,0,0,0,1,1,1,0,0,0,1,0,1
454,1,0,0,0,1,1,1,0,0,0,1,1,0
455,1,0,0,0,1,1,1,0,0,0,1,1,1
456,1,0,0,0,1,1,1,0,0,1,0,0,0
457,1,0,0,0,1,1,1,0,0,1,0,0,1
458,1,0,0,0,1,1,1,0,0,1,0,1,0
459,1,0,0,0,1,1,1,0,0,1,0,1,1
460,1,0,0,0,1,1,1,0,0,1,1,0,0
461,1,0,0,0,1,1,1,0,0,1,1,0,1
462,1,0,0,0,1,1,1,0,0,1,1,1,0
463,1,0,0,0,1,1,1,0,0,1,1,1,1
464,1,0,0,0,1,1,1,0,1,0,0,0,0
465,1,0,0,0,1,1,1,0,1,0,0,0,1
466,1,0,0,0,1,1,1,0,1,0,0,1,0
467,1,0,0,0,1,1,1,0,1,0,0,1,1
468,1,0,0,0,1,1,1,0,1,0,1,0,0
469,1,0,0,0,1,1,1,0,1,0,1,0,1
470,1,0,0,0,1,1,1,0,1,0,1,1,0
471,1,0,0,0,1,1,1,0,1,0,1,1,1
472,1,0,0,0,1,1,1,0,1,1,0,0,0
473,1,0,0,0,1,1,1,0,1,1,0,0,1
474,1,0,0,0,1,1,1,0,1,1,0,1,0
475,1,0,0,0,1,1,1,0,1,1,0,1,1
476,1,0,0,0,1,1,1,0,1,1,1,0,0
477,1,0,0,0,1,1,1,0,1,1,1,0,1
478,1,0,0,0,1,1,1,0,1,1,1,1,0
479,1,0,0,0,1,1,1,0,1,1,1,1,1
480,1,0,0,0,1,1,1,1,0,0,0,0,0
481,1,0,0,0,1,1,1,1,0,0,0,0,1
482,1,0,0,0,1,1,1,1,0,0,0,1,0
483,1,0,0,0,1,1,1,1,0,0,0,1,1
484,1,0,0,0,1,1,1,1,0,0,1,0,0
485,1,0,0,0,1,1,1,1,0,0,1,0,1
486,1,0,0,0,1,1,1,1,0,0,1,1,0
487,1,0,0,0,1,1,1,1,0,0,1,1,1
488,1,0,0,0,1,1,1,1,0,1,0,0,0
489,1,0,0,0,1,1,1,1,0,1,0,0,1
490,1,0,0,0,1,1,1,1,0,1,0,1,0
491,1,0,0,0,1,1,1,1,0,1,0,1,1
492,1,0,0,0,1,1,1,1,0,1,1,0,0
493,1,0,0,0,1,1,1,1,0,1,1,0,1
494,1,0,0,0,1,1,1,1,0,1,1,1,0
495,1,0,0,0,1,1,1,1,0,1,1,1,1
496,1,0,0,0,1,1,1,1,1,0,0,0,0
497,1,0,0,0,1,1,1,1,1,0,0,0,1
498,1,0,0,0,1,1,1,1,1,0,0,1,0
499,1,0,0,0,1,1,1,1,1,0,0,1,1
500,1,0,0,0,1,1,1,1,1,0,1,0,0
501,1,0,0,0,1,1,1,1,1,0,1,0,1
502,1,0,0,0,1,1,1,1,1,0,1,1,0
503,1,0,0,0,1,1,1,1,1,0,1,1,1
504,1,0,0,0,1,1,1,1,1,1,0,0,0
505,1,0,0,0,1,1,1,1,1,1,0,0,1
506,1,0,0,0,1,1,1,1,1,1,0,1,0
507,1,0,0,0,1,1,1,1,1,1,0,1,1
508,1,0,0,0,1,1,1,1,1,1,1,0,0
509,1,0,0,0,1,1,1,1,1,1,1,0,1
510,1,0,0,0,1,1,1,1,1,1,1,1,0
511,1,0,0,0,1,1,1,1,1,1,1,1,1
512,0,1,0,0,0,0,0,0,0,0,0,0,0
513,0,1,0,0,0,0,0,0,0,0,0,0,1
514,0,1,0,0,0,0,0,0,0,0,0,1,0
515,0,1,0,0,0,0,0,0,0,0,0,1,1
516,0,1,0,0,0,0,0,0,0,0,1,0,0
517,0,1,0,0,0,0,0,0,0,0,1,0,1
518,0,1,0,0,0,0,0,0,0,0,1,1,0
519,0,1,0,0,0,0,0,0,0,0,1,1,1
520,0,1,0,0,0,0,0,0,0,1,0,0,0
521,0,1,0,0,0,0,0,0,0,1,0,0,1
522,0,1,0,0,0,0,0,0,0,1,0,1,0
523,0,1,0,0,0,0,0,0,0,1,0,1,1
524,0,1,0,0,0,0,0,0,0,1,1,0,0
525,0,1,0,0,0,0,0,0,0,1,1,0,1
526,0,1,0,0,0,0,0,0,0,1,1,1,0
527,0,1,0,0,0,0,0,0,0,1,1,1,1
528,0,1,0,0,0,0,0,0,1,0,0,0,0
529,0,1,0,0,0,0,0,0,1,0,0,0,1
530,0,1,0,0,0,0,0,0,1,0,0,1,0
531,0,1,0,0,0,0,0,0,1,0,0,1,1
532,0,1,0,0,0,0,0,0,1,0,1,0,0
533,0,1,0,0,0,0,0,0,1,0,1,0,1
534,0,1,0,0,0,0,0,0,1,0,1,1,0
535,0,1,0,0,0,0,0,0,1,0,1,1,1
536,0,1,0,0,0,0,0,0,1,1,0,0,0
537,0,1,0,0,0,0,0,0,1,1,0,0,1
538,0,1,0,0,0,0,0,0,1,1,0,1,0
539,0,1,0,0,0,0,0,0,1,1,0,1,1
540,0,1,0,0,0,0,0,0,1,1,1,0,0
541,0,1,0,0,0,0,0,0,1,1,1,0,1
542,0,1,0,0,0,0,0,0,1,1,1,1,0
543,0,1,0,0,0,0,0,0,1,1,1,1,1
544,0,1,0,0,0,0,0,1,0,0,0,0,0
545,0,1,0,0,0,0,0,1,0,0,0,0,1
546,0,1,0,0,0,0,0,1,0,0,0,1,0
547,0,1,0,0,0,0,0,1,0,0,0,1,1
548,0,1,0,0,0,0,0,1,0,0,1,0,0
549,0,1,0,0,0,0,0,1,0,0,1,0,1
550,0,1,0,0,0,0,0,1,0,0,1,1,0
551,0,1,0,0,0,0,0,1,0,0,1,1,1
552,0,1,0,0,0,0,0,1,0,1,0,0,0
553,0,1,0,0,0,0,0,1,0,1,0,0,1
554,0,1,0,0,0,0,0,1,0,1,0,1,0
555,0,1,0,0,0,0,0,1,0,1,0,1,1
556,0,1,0,0,0,0,0,1,0,1,1,0,0
557,0,1,0,0,0,0,0,1,0,1,1,0,1
558,0,1,0,0,0,0,0,1,0,1,1,1,0
559,0,1,0,0,0,0,0,1,0,1,1,1,1
560,0,1,0,0,0,0,0,1,1,0,0,0,0
561,0,1,0,0,0,0,0,1,1,0,0,0,1
562,0,1,0,0,0,0,0,1,1,0,0,1,0
563,0,1,0,0,0,0,0,1,1,0,0,1,1
564,0,1,0,0,0,0,0,1,1,0,1,0,0
565,0,1,0,0,0,0,0,1,1,0,1,0,1
566,0,1,0,0,0,0,0,1,1,0,1,1,0
567,0,1,0,0,0,0,0,1,1,0,1,1,1
568,0,1,0,0,0,0,0,1,1,1,0,0,0
569,0,1,0,0,0,0,0,1,1,1,0,0,1
570,0,1,0,0,0,0,0,1,1,1,0,1,0
571,0,1,0,0,0,0,0,1,1,1,0,1,1
572,0,1,0,0,0,0,0,1,1,1,1,0,0
573,0,1,0,0,0,0,0,1,1,1,1,0,1
574,0,1,0,0,0,0,0,1,1,1,1,1,0
575,0,1,0,0,0,0,0,1,1,1,1,1,1
576,0,1,0,0,0,0,1,0,0,0,0,0,0
577,0,1,0,0,0,0,1,0,0,0,0,0,1
578,0,1,0,0,0,0,1,0,0,0,0,1,0
579,0,1,0,0,0,0,1,0,0,0,0,1,1
580,0,1,0,0,0,0,1,0,0,0,1,0,0
581,0,1,0,0,0,0,1,0,0,0,1,0,1
582,0,1,0,0,0,0,1,0,0,0,1,1,0
583,0,1,0,0,0,0,1,0,0,0,1,1,1
584,0,1,0,0,0,0,1,0,0,1,0,0,0
585,0,1,0,0,0,0,1,0,0,1,0,0,1
586,0,1,0,0,0,0,1,0,0,1,0,1,0
587,0,1,0,0,0,0,1,0,0,1,0,1,1
588,0,1,0,0,0,0,1,0,0,1,1,0,0
589,0,1,0,0,0,0,1,0,0,1,1,0,1
590,0,1,0,0,0,0,1,0,0,1,1,1,0
591,0,1,0,0,0,0,1,0,0,1,1,1,1
592,0,1,0,0,0,0,1,0,1,0,0,0,0
593,0,1,0,0,0,0,1,0,1,0,0,0,1
594,0,1,0,0,0,0,1,0,1,0,0,1,0
595,0,1,0,0,0,0,1,0,1,0,0,1,1
596,0,1,0,0,0,0,1,0,1,0,1,0,0
597,0,1,0,0,0,0,1,0,1,0,1,0,1
598,0,1,0,0,0,0,1,0,1,0,1,1,0
599,0,1,0,0,0,0,1,0,1,0,1,1,1
600,0,1,0,0,0,0,1,0,1,1,0,0,0
601,0,1,0,0,0,0,1,0,1,1,0,0,1
602,0,1,0,0,0,0,1,0,1,1,0,1,0
603,0,1,0,0,0,0,1,0,1,1,0,1,1
604,0,1,0,0,0,0,1,0,1,1,1,0,0
605,0,1,0,0,0,0,1,0,1,1,1,0,1
606,0,1,0,0,0,0,1,0,1,1,1,1,0
607,0,1,0,0,0,0,1,0,1,1,1,1,1
608,0,1,0,0,0,0,1,1,0,0,0,0,0
609,0,1,0,0,0,0,1,1,0,0,0,0,1
610,0,1,0,0,0,0,1,1,0,0,0,1,0
611,0,1,0,0,0,0,1,1,0,0,0,1,1
612,0,1,0,0,0,0,1,1,0,0,1,0,0
613,0,1,0,0,0,0,1,1,0,0,1,0,1
614,0,1,0,0,0,0,1,1,0,0,1,1,0
615,0,1,0,0,0,0,1,1,0,0,1,1,1
616,0,1,0,0,0,0,1,1,0,1,0,0,0
617,0,1,0,0,0,0,1,1,0,1,0,0,1
618,0,1,0,0,0,0,1,1,0,1,0,1,0
619,0,1,0,0,0,0,1,1,0,1,0,1,1
620,0,1,0,0,0,0,1,1,0,1,1,0,0
621,0,1,0,0,0,0,1,1,0,1,1,0,1
622,0,1,0,0,0,0,1,1,0,1,1,1,0
623,0,1,0,0,0,0,1,1,0,1,1,1,1
624,0,1,0,0,0,0,1,1,1,0,0,0,0
625,0,1,0,0,0,0,1,1,1,0,0,0,1
626,0,1,0,0,0,0,1,1,1,0,0,1,0
627,0,1,0,0,0,0,1,1,1,0,0,1,1
628,0,1,0,0,0,0,1,1,1,0,1,0,0
629,0,1,0,0,0,0,1,1,1,0,1,0,1
630,0,1,0,0,0,0,1,1,1,0,1,1,0
631,0,1,0,0,0,0,1,1,1,0,1,1,1
632,0,1,0,0,0,0,1,1,1,1,0,0,0
633,0,1,0,0,0,0,1,1,1,1,0,0,1
634,0,1,0,0,0,0,1,1,1,1,0,1,0
635,0,1,0,0,0,0,1,1,1,1,0,1,1
636,0,1,0,0,0,0,1,1,1,1,1,0,0
637,0,1,0,0,0,0,1,1,1,1,1,0,1
638,0,1,0,0,0,0,1,1,1,1,1,1,0
639,0,1,0,0,0,0,1,1,1,1,1,1,1
640,0,1,0,0,0,1,0,0,0,0,0,0,0
641,0,1,0,0,0,1,0,0,0,0,0,0,1
642,0,1,0,0,0,1,0,0,0,0,0,1,0
643,0,1,0,0,0,1,0,0,0,0,0,1,1
644,0,1,0,0,0,1,0,0,0,0,1,0,0
645,0,1,0,0,0,1,0,0,0,0,1,0,1
646,0,1,0,0,0,1,0,0,0,0,1,1,0
647,0,1,0,0,0,1,0,0,0,0,1,1,1
648,0,1,0,0,0,1,0,0,0,1,0,0,0
649,0,1,0,0,0,1,0,0,0,1,0,0,1
650,0,1,0,0,0,1,0,0,0,1,0,1,0
651,0,1,0,0,0,1,0,0,0,1,0,1,1
652,0,1,0,0,0,1,0,0,0,1,1,0,0
653,0,1,0,0,0,1,0,0,0,1,1,0,1
654,0,1,0,0,0,1,0,0,0,1,1,1,0
655,0,1,0,0,0,1,0,0,0,1,1,1,1
656,0,1,0,0,0,1,0,0,1,0,0,0,0
657,0,1,0,0,0,1,0,0,1,0,0,0,1
658,0,1,0,0,0,1,0,0,1,0,0,1,0
659,0,1,0,0,0,1,0,0,1,0,0,1,1
660,0,1,0,0,0,1,0,0,1,0,1,0,0
661,0,1,0,0,0,1,0,0,1,0,1,0,1
662,0,1,0,0,0,1,0,0,1,0,1,1,0
663,0,1,0,0,0,1,0,0,1,0,1,1,1
664,0,1,0,0,0,1,0,0,1,1,0,0,0
665,0,1,0,0,0,1,0,0,1,1,0,0,1
666,0,1,0,0,0,1,0,0,1,1,0,1,0
667,0,1,0,0,0,1,0,0,1,1,0,1,1
668,0,1,0,0,0,1,0,0,1,1,1,0,0
669,0,1,0,0,0,1,0,0,1,1,1,0,1
670,0,1,0,0,0,1,0,0,1,1,1,1,0
671,0,1,0,0,0,1,0,0,1,1,1,1,1
672,0,1,0,0,0,1,0,1,0,0,0,0,0
673,0,1,0,0,0,1,0,1,0,0,0,0,1
674,0,1,0,0,0,1,0,1,0,0,0,1,0
675,0,1,0,0,0,1,0,1,0,0,0,1,1
676,0,1,0,0,0,1,0,1,0,0,1,0,0
677,0,1,0,0,0,1,0,1,0,0,1,0,1
678,0,1,0,0,0,1,0,1,0,0,1,1,0
679,0,1,0,0,0,1,0,1,0,0,1,1,1
680,0,1,0,0,0,1,0,1,0,1,0,0,0
681,0,1,0,0,0,1,0,1,0,1,0,0,1
682,0,1,0,0,0,1,0,1,0,1,0,1,0
683,0,1,0,0,0,1,0,1,0,1,0,1,1
684,0,1,0,0,0,1,0,1,0,1,1,0,0
685,0,1,0,0,0,1,0,1,0,1,1,0,1
686,0,1,0,0,0,1,0,1,0,1,1,1,0
687,0,1,0,0,0,1,0,1,0,1,1,1,1
688,0,1,0,0,0,1,0,1,1,0,0,0,0
689,0,1,0,0,0,1,0,1,1,0,0,0,1
690,0,1,0,0,0,1,0,1,1,0,0,1,0
691,0,1,0,0,0,1,0,1,1,0,0,1,1
692,0,1,0,0,0,1,0,1,1,0,1,0,0
693,0,1,0,0,0,1,0,1,1,0,1,0,1
694,0,1,0,0,0,1,0,1,1,0,1,1,0
695,0,1,0,0,0,1,0,1,1,0,1,1,1
696,0,1,0,0,0,1,0,1,1,1,0,0,0
697,0,1,0,0,0,1,0,1,1,1,0,0,1
698,0,1,0,0,0,1,0,1,1,1,0,1,0
699,0,1,0,0,0,1,0,1,1,1,0,1,1
700,0,1,0,0,0,1,0,1,1,1,1,0,0
701,0,1,0,0,0,1,0,1,1,1,1,0,1
702,0,1,0,0,0,1,0,1,1,1,1,1,0
703,0,1,0,0,0,1,0,1,1,1,1,1,1
704,0,1,0,0,0,1,1,0,0,0,0,0,0
705,0,1,0,0,0,1,1,0,0,0,0,0,1
706,0,1,0,0,0,1,1,0,0,0,0,1,0
707,0,1,0,0,0,1,1,0,0,0,0,1,1
708,0,1,0,0,0,1,1,0,0,0,1,0,0
709,0,1,0,0,0,1,1,0,0,0,1,0,1
710,0,1,0,0,0,1,1,0,0,0,1,1,0
711,0,1,0,0,0,1,1,0,0,0,1,1,1
712,0,1,0,0,0,1,1,0,0,1,0,0,0
713,0,1,0,0,0,1,1,0,0,1,0,0,1
714,0,1,0,0,0,1,1,0,0,1,0,1,0
715,0,1,0,0,0,1,1,0,0,1,0,1,1
716,0,1,0,0,0,1,1,0,0,1,1,0,0
717,0,1,0,0,0,1,1,0,0,1,1,0,1
718,0,1,0,0,0,1,1,0,0,1,1,1,0
719,0,1,0,0,0,1,1,0,0,1,1,1,1
720,0,1,0,0,0,1,1,0,1,0,0,0,0
721,0,1,0,0,0,1,1,0,1,0,0,0,1
722,0,1,0,0,0,1,1,0,1,0,0,1,0
723,0,1,0,0,0,1,1,0,1,0,0,1,1
724,0,1,0,0,0,1,1,0,1,0,1,0,0
725,0,1,0,0,0,1,1,0,1,0,1,0,1
726,0,1,0,0,0,1,1,0,1,0,1,1,0
727,0,1,0,0,0,1,1,0,1,0,1,1,1
728,0,1,0,0,0,1,1,0,1,1,0,0,0
729,0,1,0,0,0,1,1,0,1,1,0,0,1
730,0,1,0,0,0,1,1,0,1,1,0,1,0
731,0,1,0,0,0,1,1,0,1,1,0,1,1
732,0,1,0,0,0,1,1,0,1,1,1,0,0
733,0,1,0,0,0,1,1,0,1,1,1,0,1
734,0,1,0,0,0,1,1,0,1,1,1,1,0
735,0,1,0,0,0,1,1,0,1,1,1,1,1
736,0,1,0,0,0,1,1,1,0,0,0,0,0
737,0,1,0,0,0,1,1,1,0,0,0,0,1
738,0,1,0,0,0,1,1,1,0,0,0,1,0
739,0,1,0,0,0,1,1,1,0,0,0,1,1
740,0,1,0,0,0,1,1,1,0,0,1,0,0
741,0,1,0,0,0,1,1,1,0,0,1,0,1
742,0,1,0,0,0,1,1,1,0,0,1,1,0
743,0,1,0,0,0,1,1,1,0,0,1,1,1
744,0,1,0,0,0,1,1,1,0,1,0,0,0
745,0,1,0,0,0,1,1,1,0,1,0,0,1
746,0,1,0,0,0,1,1,1,0,1,0,1,0
747,0,1,0,0,0,1,1,1,0,1,0,1,1
748,0,1,0,0,0,1,1,1,0,1,1,0,0
749,0,1,0,0,0,1,1,1,0,1,1,0,1
750,0,1,0,0,0,1,1,1,0,1,1,1,0
751,0,1,0,0,0,1,1,1,0,1,1,1,1
752,0,1,0,0,0,1,1,1,1,0,0,0,0
753,0,1,0,0,0,1,1,1,1,0,0,0,1
754,0,1,0,0,0,1,1,1,1,0,0,1,0
755,0,1,0,0,0,1,1,1,1,0,0,1,1
756,0,1,0,0,0,1,1,1,1,0,1,0,0
757,0,1,0,0,0,1,1,1,1,0,1,0,1
758,0,1,0,0,0,1,1,1,1,0,1,1,0
759,0,1,0,0,0,1,1,1,1,0,1,1,1
760,0,1,0,0,0,1,1,1,1,1,0,0,0
761,0,1,0,0,0,1,1,1,1,1,0,0,1
762,0,1,0,0,0,1,1,1,1,1,0,1,0
763,0,1,0,0,0,1,1,1,1,1,0,1,1
764,0,1,0,0,0,1,1,1,1,1,1,0,0
765,0,1,0,0,0,1,1,1,1,1,1,0,1
766,0,1,0,0,0,1,1,1,1,1,1,1,0
767,0,1,0,0,0,1,1,1,1,1,1,1,1
768,0,1,0,0,1,0,0,0,0,0,0,0,0
769,0,1,0,0,1,0,0,0,0,0,0,0,1
770,0,1,0,0,1,0,0,0,0,0,0,1,0
771,0,1,0,0,1,0,0,0,0,0,0,1,1
772,0,1,0,0,1,0,0,0,0,0,1,0,0
773,0,1,0,0,1,0,0,0,0,0,1,0,1
774,0,1,0,0,1,0,0,0,0,0,1,1,0
775,0,1,0,0,1,0,0,0,0,0,1,1,1
776,0,1,0,0,1,0,0,0,0,1,0,0,0
777,0,1,0,0,1,0,0,0,0,1,0,0,1
778,0,1,0,0,1,0,0,0,0,1,0,1,0
779,0,1,0,0,1,0,0,0,0,1,0,1,1
780,0,1,0,0,1,0,0,0,0,1,1,0,0
781,0,1,0,0,1,0,0,0,0,1,1,0,1
782,0,1,0,0,1,0,0,0,0,1,1,1,0
783,0,1,0,0,1,0,0,0,0,1,1,1,1
784,0,1,0,0,1,0,0,0,1,0,0,0,0
785,0,1,0,0,1,0,0,0,1,0,0,0,1
786,0,1,0,0,1,0,0,0,1,0,0,1,0
787,0,1,0,0,1,0,0,0,1,0,0,1,1
788,0,1,0,0,1,0,0,0,1,0,1,0,0
789,0,1,0,0,1,0,0,0,1,0,1,0,1
790,0,1,0,0,1,0,0,0,1,0,1,1,0
791,0,1,0,0,1,0,0,0,1,0,1,1,1
792,0,1,0,0,1,0,0,0,1,1,0,0,0
793,0,1,0,0,1,0,0,0,1,1,0,0,1
794,0,1,0,0,1,0,0,0,1,1,0,1,0
795,0,1,0,0,1,0,0,0,1,1,0,1,1
796,0,1,0,0,1,0,0,0,1,1,1,0,0
797,0,1,0,0,1,0,0,0,1,1,1,0,1
798,0,1,0,0,1,0,0,0,1,1,1,1,0
799,0,1,0,0,1,0,0,0,1,1,1,1,1
800,0,1,0,0,1,0,0,1,0,0,0,0,0
801,0,1,0,0,1,0,0,1,0,0,0,0,1
802,0,1,0,0,1,0,0,1,0,0,0,1,0
803,0,1,0,0,1,0,0,1,0,0,0,1,1
804,0,1,0,0,1,0,0,1,0,0,1,0,0
805,0,1,0,0,1,0,0,1,0,0,1,0,1
806,0,1,0,0,1,0,0,1,0,0,1,1,0
807,0,1,0,0,1,0,0,1,0,0,1,1,1
808,0,1,0,0,1,0,0,1,0,1,0,0,0
809,0,1,0,0,1,0,0,1,0,1,0,0,1
810,0,1,0,0,1,0,0,1,0,1,0,1,0
811,0,1,0,0,1,0,0,1,0,1,0,1,1
812,0,1,0,0,1,0,0,1,0,1,1,0,0
813,0,1,0,0,1,0,0,1,0,1,1,0,1
814,0,1,0,0,1,0,0,1,0,1,1,1,0
815,0,1,0,0,1,0,0,1,0,1,1,1,1
816,0,1,0,0,1,0,0,1,1,0,0,0,0
817,0,1,0,0,1,0,0,1,1,0,0,0,1
818,0,1,0,0,1,0,0,1,1,0,0,1,0
819,0,1,0,0,1,0,0,1,1,0,0,1,1
820,0,1,0,0,1,0,0,1,1,0,1,0,0
821,0,1,0,0,1,0,0,1,1,0,1,0,1
822,0,1,0,0,1,0,0,1,1,0,1,1,0
823,0,1,0,0,1,0,0,1,1,0,1,1,1
824,0,1,0,0,1,0,0,1,1,1,0,0,0
825,0,1,0,0,1,0,0,1,1,1,0,0,1
826,0,1,0,0,1,0,0,1,1,1,0,1,0
827,0,1,0,0,1,0,0,1,1,1,0,1,1
828,0,1,0,0,1,0,0,1,1,1,1,0,0
829,0,1,0,0,1,0,0,1,1,1,1,0,1
830,0,1,0,0,1,0,0,1,1,1,1,1,0
831,0,1,0,0,1,0,0,1,1,1,1,1,1
832,0,1,0,0,1,0,1,0,0,0,0,0,0
833,0,1,0,0,1,0,1,0,0,0,0,0,1
834,0,1,0,0,1,0,1,0,0,0,0,1,0
835,0,1,0,0,1,0,1,0,0,0,0,1,1
836,0,1,0,0,1,0,1,0,0,0,1,0,0
837,0,1,0,0,1,0,1,0,0,0,1,0,1
838,0,1,0,0,1,0,1,0,0,0,1,1,0
839,0,1,0,0,1,0,1,0,0,0,1,1,1
840,0,1,0,0,1,0,1,0,0,1,0,0,0
841,0,1,0,0,1,0,1,0,0,1,0,0,1
842,0,1,0,0,1,0,1,0,0,1,0,1,0
843,0,1,0,0,1,0,1,0,0,1,0,1,1
844,0,1,0,0,1,0,1,0,0,1,1,0,0
845,0,1,0,0,1,0,1,0,0,1,1,0,1
846,0,1,0,0,1,0,1,0,0,1,1,1,0
847,0,1,0,0,1,0,1,0,0,1,1,1,1
848,0,1,0,0,1,0,1,0,1,0,0,0,0
849,0,1,0,0,1,0,1,0,1,0,0,0,1
850,0,1,0,0,1,0,1,0,1,0,0,1,0
851,0,1,0,0,1,0,1,0,1,0,0,1,1
852,0,1,0,0,1,0,1,0,1,0,1,0,0
853,0,1,0,0,1,0,1,0,1,0,1,0,1
854,0,1,0,0,1,0,1,0,1,0,1,1,0
855,0,1,0,0,1,0,1,0,1,0,1,1,1
856,0,1,0,0,1,0,1,0,1,1,0,0,0
857,0,1,0,0,1,0,1,0,1,1,0,0,1
858,0,1,0,0,1,0,1,0,1,1,0,1,0
859,0,1,0,0,1,0,1,0,1,1,0,1,1
860,0,1,0,0,1,0,1,0,1,1,1,0,0
861,0,1,0,0,1,0,1,0,1,1,1,0,1
862,0,1,0,0,1,0,1,0,1,1,1,1,0
863,0,1,0,0,1,0,1,0,1,1,1,1,1
864,0,1,0,0,1,0,1,1,0,0,0,0,0
865,0,1,0,0,1,0,1,1,0,0,0,0,1
866,0,1,0,0,1,0,1,1,0,0,0,1,0
867,0,1,0,0,1,0,1,1,0,0,0,1,1
868,0,1,0,0,1,0,1,1,0,0,1,0,0
869,0,1,0,0,1,0,1,1,0,0,1,0,1
870,0,1,0,0,1,0,1,1,0,0,1,1,0
871,0,1,0,0,1,0,1,1,0,0,1,1,1
872,0,1,0,0,1,0,1,1,0,1,0,0,0
873,0,1,0,0,1,0,1,1,0,1,0,0,1
874,0,1,0,0,1,0,1,1,0,1,0,1,0
875,0,1,0,0,1,0,1,1,0,1,0,1,1
876,0,1,0,0,1,0,1,1,0,1,1,0,0
877,0,1,0,0,1,0,1,1,0,1,1,0,1
878,0,1,0,0,1,0,1,1,0,1,1,1,0
879,0,1,0,0,1,0,1,1,0,1,1,1,1
880,0,1,0,0,1,0,1,1,1,0,0,0,0
881,0,1,0,0,1,0,1,1,1,0,0,0,1
882,0,1,0,0,1,0,1,1,1,0,0,1,0
883,0,1,0,0,1,0,1,1,1,0,0,1,1
884,0,1,0,0,1,0,1,1,1,0,1,0,0
885,0,1,0,0,1,0,1,1,1,0,1,0,1
886,0,1,0,0,1,0,1,1,1,0,1,1,0
887,0,1,0,0,1,0,1,1,1,0,1,1,1
888,0,1,0,0,1,0,1,1,1,1,0,0,0
889,0,1,0,0,1,0,1,1,1,1,0,0,1
890,0,1,0,0,1,0,1,1,1,1,0,1,0
891,0,1,0,0,1,0,1,1,1,1,0,1,1
892,0,1,0,0,1,0,1,1,1,1,1,0,0
893,0,1,0,0,1,0,1,1,1,1,1,0,1
894,0,1,0,0,1,0,1,1,1,1,1,1,0
895,0,1,0,0,1,0,1,1,1,1,1,1,1
896,0,1,0,0,1,1,0,0,0,0,0,0,0
897,0,1,0,0,1,1,0,0,0,0,0,0,1
898,0,1,0,0,1,1,0,0,0,0,0,1,0
899,0,1,0,0,1,1,0,0,0,0,0,1,1
900,0,1,0,0,1,1,0,0,0,0,1,0,0
901,0,1,0,0,1,1,0,0,0,0,1,0,1
902,0,1,0,0,1,1,0,0,0,0,1,1,0
903,0,1,0,0,1,1,0,0,0,0,1,1,1
904,0,1,0,0,1,1,0,0,0,1,0,0,0
905,0,1,0,0,1,1,0,0,0,1,0,0,1
906,0,1,0,0,1,1,0,0,0,1,0,1,0
907,0,1,0,0,1,1,0,0,0,1,0,1,1
908,0,1,0,0,1,1,0,0,0,1,1,0,0
909,0,1,0,0,1,1,0,0,0,1,1,0,1
910,0,1,0,0,1,1,0,0,0,1,1,1,0
911,0,1,0,0,1,1,0,0,0,1,1,1,1
912,0,1,0,0,1,1,0,0,1,0,0,0,0
913,0,1,0,0,1,1,0,0,1,0,0,0,1
914,0,1,0,0,1,1,0,0,1,0,0,1,0
915,0,1,0,0,1,1,0,0,1,0,0,1,1
916,0,1,0,0,1,1,0,0,1,0,1,0,0
917,0,1,0,0,1,1,0,0,1,0,1,0,1
918,0,1,0,0,1,1,0,0,1,0,1,1,0
919,0,1,0,0,1,1,0,0,1,0,1,1,1
920,0,1,0,0,1,1,0,0,1,1,0,0,0
921,0,1,0,0,1,1,0,0,1,1,0,0,1
922,0,1,0,0,1,1,0,0,1,1,0,1,0
923,0,1,0,0,1,1,0,0,1,1,0,1,1
924,0,1,0,0,1,1,0,0,1,1,1,0,0
925,0,1,0,0,1,1,0,0,1,1,1,0,1
926,0,1,0,0,1,1,0,0,1,1,1,1,0
927,0,1,0,0,1,1,0,0,1,1,1,1,1
928,0,1,0,0,1,1,0,1,0,0,0,0,0
929,0,1,0,0,1,1,0,1,0,0,0,0,1
930,0,1,0,0,1,1,0,1,0,0,0,1,0
931,0,1,0,0,1,1,0,1,0,0,0,1,1
932,0,1,0,0,1,1,0,1,0,0,1,0,0
933,0,1,0,0,1,1,0,1,0,0,1,0,1
934,0,1,0,0,1,1,0,1,0,0,1,1,0
935,0,1,0,0,1,1,0,1,0,0,1,1,1
936,0,1,0,0,1,1,0,1,0,1,0,0,0
937,0,1,0,0,1,1,0,1,0,1,0,0,1
938,0,1,0,0,1,1,0,1,0,1,0,1,0
939,0,1,0,0,1,1,0,1,0,1,0,1,1
940,0,1,0,0,1,1,0,1,0,1,1,0,0
941,0,1,0,0,1,1,0,1,0,1,1,0,1
942,0,1,0,0,1,1,0,1,0,1,1,1,0
943,0,1,0,0,1,1,0,1,0,1,1,1,1
944,0,1,0,0,1,1,0,1,1,0,0,0,0
945,0,1,0,0,1,1,0,1,1,0,0,0,1
946,0,1,0,0,1,1,0,1,1,0,0,1,0
947,0,1,0,0,1,1,0,1,1,0,0,1,1
948,0,1,0,0,1,1,0,1,1,0,1,0,0
949,0,1,0,0,1,1,0,1,1,0,1,0,1
950,0,1,0,0,1,1,0,1,1,0,1,1,0
951,0,1,0,0,1,1,0,1,1,0,1,1,1
952,0,1,0,0,1,1,0,1,1,1,0,0,0
953,0,1,0,0,1,1,0,1,1,1,0,0,1
954,0,1,0,0,1,1,0,1,1,1,0,1,0
955,0,1,0,0,1,1,0,1,1,1,0,1,1
956,0,1,0,0,1,1,0,1,1,1,1,0,0
957,0,1,0,0,1,1,0,1,1,1,1,0,1
958,0,1,0,0,1,1,0,1,1,1,1,1,0
959,0,1,0,0,1,1,0,1,1,1,1,1,1
960,0,1,0,0,1,1,1,0,0,0,0,0,0
961,0,1,0,0,1,1,1,0,0,0,0,0,1
962,0,1,0,0,1,1,1,0,0,0,0,1,0
963,0,1,0,0,1,1,1,0,0,0,0,1,1
964,0,1,0,0,1,1,1,0,0,0,1,0,0
965,0,1,0,0,1,1,1,0,0,0,1,0,1
966,0,1,0,0,1,1,1,0,0,0,1,1,0
967,0,1,0,0,1,1,1,0,0,0,1,1,1
968,0,1,0,0,1,1,1,0,0,1,0,0,0
969,0,1,0,0,1,1,1,0,0,1,0,0,1
970,0,1,0,0,1,1,1,0,0,1,0,1,0
971,0,1,0,0,1,1,1,0,0,1,0,1,1
972,0,1,0,0,1,1,1,0,0,1,1,0,0
973,0,1,0,0,1,1,1,0,0,1,1,0,1
974,0,1,0,0,1,1,1,0,0,1,1,1,0
975,0,1,0,0,1,1,1,0,0,1,1,1,1
976,0,1,0,0,1,1,1,0,1,0,0,0,0
977,0,1,0,0,1,1,1,0,1,0,0,0,1
978,0,1,0,0,1,1,1,0,1,0,0,1,0
979,0,1,0,0,1,1,1,0,1,0,0,1,1
980,0,1,0,0,1,1,1,0,1,0,1,0,0
981,0,1,0,0,1,1,1,0,1,0,1,0,1
982,0,1,0,0,1,1,1,0,1,0,1,1,0
983,0,1,0,0,1,1,1,0,1,0,1,1,1
984,0,1,0,0,1,1,1,0,1,1,0,0,0
985,0,1,0,0,1,1,1,0,1,1,0,0,1
986,0,1,0,0,1,1,1,0,1,1,0,1,0
987,0,1,0,0,1,1,1,0,1,1,0,1,1
988,0,1,0,0,1,1,1,0,1,1,1,0,0
989,0,1,0,0,1,1,1,0,1,1,1,0,1
990,0,1,0,0,1,1,1,0,1,1,1,1,0
991,0,1,0,0,1,1,1,0,1,1,1,1,1
992,0,1,0,0,1,1,1,1,0,0,0,0,0
993,0,1,0,0,1,1,1,1,0,0,0,0,1
994,0,1,0,0,1,1,1,1,0,0,0,1,0
995,0,1,0,0,1,1,1,1,0,0,0,1,1
996,0,1,0,0,1,1,1,1,0,0,1,0,0
997,0,1,0,0,1,1,1,1,0,0,1,0,1
998,0,1,0,0,1,1,1,1,0,0,1,1,0
999,0,1,0,0,1,1,1,1,0,0,1,1,1
1000,0,1,0,0,1,1,1,1,0,1,0,0,0
1001,0,1,0,0,1,1,1,1,0,1,0,0,1
1002,0,1,0,0,1,1,1,1,0,1,0,1,0
1003,0,1,0,0,1,1,1,1,0,1,0,1,1
1004,0,1,0,0,1,1,1,1,0,1,1,0,0
1005,0,1,0,0,1,1,1,1,0,1,1,0,1
1006,0,1,0,0,1,1,1,1,0,1,1,1,0
1007,0,1,0,0,1,1,1,1,0,1,1,1,1
1008,0,1,0,0,1,1,1,1,1,0,0,0,0
1009,0,1,0,0,1,1,1,1,1,0,0,0,1
1010,0,1,0,0,1,1,1,1,1,0,0,1,0
1011,0,1,0,0,1,1,1,1,1,0,0,1,1
1012,0,1,0,0,1,1,1,1,1,0,1,0,0
1013,0,1,0,0,1,1,1,1,1,0,1,0,1
1014,0,1,0,0,1,1,1,1,1,0,1,1,0
1015,0,1,0,0,1,1,1,1,1,0,1,1,1
1016,0,1,0,0,1,1,1,1,1,1,0,0,0
1017,0,1,0,0,1,1,1,1,1,1,0,0,1
1018,0,1,0,0,1,1,1,1,1,1,0,1,0
1019,0,1,0,0,1,1,1,1,1,1,0,1,1
1020,0,1,0,0,1,1,1,1,1,1,1,0,0
1021,0,1,0,0,1,1,1,1,1,1,1,0,1
1022,0,1,0,0,1,1,1,1,1,1,1,1,0
1023,0,1,0,0,1,1,1,1,1,1,1,1,1
1024,0,0,1,0,0,0,0,0,0,0,0,0,0
1025,0,0,1,0,0,0,0,0,0,0,0,0,1
1026,0,0,1,0,0,0,0,0,0,0,0,1,0
1027,0,0,1,0,0,0,0,0,0,0,0,1,1
1028,0,0,1,0,0,0,0,0,0,0,1,0,0
1029,0,0,1,0,0,0,0,0,0,0,1,0,1
1030,0,0,1,0,0,0,0,0,0,0,1,1,0
1031,0,0,1,0,0,0,0,0,0,0,1,1,1
1032,0,0,1,0,0,0,0,0,0,1,0,0,0
1033,0,0,1,0,0,0,0,0,0,1,0,0,1
1034,0,0,1,0,0,0,0,0,0,1,0,1,0
1035,0,0,1,0,0,0,0,0,0,1,0,1,1
1036,0,0,1,0,0,0,0,0,0,1,1,0,0
1037,0,0,1,0,0,0,0,0,0,1,1,0,1
1038,0,0,1,0,0,0,0,0,0,1,1,1,0
1039,0,0,1,0,0,0,0,0,0,1,1,1,1
1040,0,0,1,0,0,0,0,0,1,0,0,0,0
1041,0,0,1,0,0,0,0,0,1,0,0,0,1
1042,0,0,1,0,0,0,0,0,1,0,0,1,0
1043,0,0,1,0,0,0,0,0,1,0,0,1,1
1044,0,0,1,0,0,0,0,0,1,0,1,0,0
1045,0,0,1,0,0,0,0,0,1,0,1,0,1
1046,0,0,1,0,0,0,0,0,1,0,1,1,0
1047,0,0,1,0,0,0,0,0,1,0,1,1,1
1048,0,0,1,0,0,0,0,0,1,1,0,0,0
1049,0,0,1,0,0,0,0,0,1,1,0,0,1
1050,0,0,1,0,0,0,0,0,1,1,0,1,0
1051,0,0,1,0,0,0,0,0,1,1,0,1,1
1052,0,0,1,0,0,0,0,0,1,1,1,0,0
1053,0,0,1,0,0,0,0,0,1,1,1,0,1
1054,0,0,1,0,0,0,0,0,1,1,1,1,0
1055,0,0,1,0,0,0,0,0,1,1,1,1,1
1056,0,0,1,0,0,0,0,1,0,0,0,0,0
1057,0,0,1,0,0,0,0,1,0,0,0,0,1
1058,0,0,1,0,0,0,0,1,0,0,0,1,0
1059,0,0,1,0,0,0,0,1,0,0,0,1,1
1060,0,0,1,0,0,0,0,1,0,0,1,0,0
1061,0,0,1,0,0,0,0,1,0,0,1,0,1
1062,0,0,1,0,0,0,0,1,0,0,1,1,0
1063,0,0,1,0,0,0,0,1,0,0,1,1,1
1064,0,0,1,0,0,0,0,1,0,1,0,0,0
1065,0,0,1,0,0,0,0,1,0,1,0,0,1
1066,0,0,1,0,0,0,0,1,0,1,0,1,0
1067,0,0,1,0,0,0,0,1,0,1,0,1,1
1068,0,0,1,0,0,0,0,1,0,1,1,0,0
1069,0,0,1,0,0,0,0,1,0,1,1,0,1
1070,0,0,1,0,0,0,0,1,0,1,1,1,0
1071,0,0,1,0,0,0,0,1,0,1,1,1,1
1072,0,0,1,0,0,0,0,1,1,0,0,0,0
1073,0,0,1,0,0,0,0,1,1,0,0,0,1
1074,0,0,1,0,0,0,0,1,1,0,0,1,0
1075,0,0,1,0,0,0,0,1,1,0,0,1,1
1076,0,0,1,0,0,0,0,1,1,0,1,0,0
1077,0,0,1,0,0,0,0,1,1,0,1,0,1
1078,0,0,1,0,0,0,0,1,1,0,1,1,0
1079,0,0,1,0,0,0,0,1,1,0,1,1,1
1080,0,0,1,0,0,0,0,1,1,1,0,0,0
1081,0,0,1,0,0,0,0,1,1,1,0,0,1
1082,0,0,1,0,0,0,0,1,1,1,0,1,0
1083,0,0,1,0,0,0,0,1,1,1,0,1,1
1084,0,0,1,0,0,0,0,1,1,1,1,0,0
1085,0,0,1,0,0,0,0,1,1,1,1,0,1
1086,0,0,1,0,0,0,0,1,1,1,1,1,0
1087,0,0,1,0,0,0,0,1,1,1,1,1,1
1088,0,0,1,0,0,0,1,0,0,0,0,0,0
1089,0,0,1,0,0,0,1,0,0,0,0,0,1
1090,0,0,1,0,0,0,1,0,0,0,0,1,0
1091,0,0,1,0,0,0,1,0,0,0,0,1,1
1092,0,0,1,0,0,0,1,0,0,0,1,0,0
1093,0,0,1,0,0,0,1,0,0,0,1,0,1
1094,0,0,1,0,0,0,1,0,0,0,1,1,0
1095,0,0,1,0,0,0,1,0,0,0,1,1,1
1096,0,0,1,0,0,0,1,0,0,1,0,0,0
1097,0,0,1,0,0,0,1,0,0,1,0,0,1
1098,0,0,1,0,0,0,1,0,0,1,0,1,0
1099,0,0,1,0,0,0,1,0,0,1,0,1,1
1100,0,0,1,0,0,0,1,0,0,1,1,0,0
1101,0,0,1,0,0,0,1,0,0,1,1,0,1
1102,0,0,1,0,0,0,1,0,0,1,1,1,0
1103,0,0,1,0,0,0,1,0,0,1,1,1,1
1104,0,0,1,0,0,0,1,0,1,0,0,0,0
1105,0,0,1,0,0,0,1,0,1,0,0,0,1
1106,0,0,1,0,0,0,1,0,1,0,0,1,0
1107,0,0,1,0,0,0,1,0,1,0,0,1,1
1108,0,0,1,0,0,0,1,0,1,0,1,0,0
1109,0,0,1,0,0,0,1,0,1,0,1,0,1
1110,0,0,1,0,0,0,1,0,1,0,1,1,0
1111,0,0,1,0,0,0,1,0,1,0,1,1,1
1112,0,0,1,0,0,0,1,0,1,1,0,0,0
1113,0,0,1,0,0,0,1,0,1,1,0,0,1
1114,0,0,1,0,0,0,1,0,1,1,0,1,0
1115,0,0,1,0,0,0,1,0,1,1,0,1,1
1116,0,0,1,0,0,0,1,0,1,1,1,0,0
1117,0,0,1,0,0,0,1,0,1,1,1,0,1
1118,0,0,1,0,0,0,1,0,1,1,1,1,0
1119,0,0,1,0,0,0,1,0,1,1,1,1,1
1120,0,0,1,0,0,0,1,1,0,0,0,0,0
1121,0,0,1,0,0,0,1,1,0,0,0,0,1
1122,0,0,1,0,0,0,1,1,0,0,0,1,0
1123,0,0,1,0,0,0,1,1,0,0,0,1,1
1124,0,0,1,0,0,0,1,1,0,0,1,0,0
1125,0,0,1,0,0,0,1,1,0,0,1,0,1
1126,0,0,1,0,0,0,1,1,0,0,1,1,0
1127,0,0,1,0,0,0,1,1,0,0,1,1,1
1128,0,0,1,0,0,0,1,1,0,1,0,0,0
1129,0,0,1,0,0,0,1,1,0,1,0,0,1
1130,0,0,1,0,0,0,1,1,0,1,0,1,0
1131,0,0,1,0,0,0,1,1,0,1,0,1,1
1132,0,0,1,0,0,0,1,1,0,1,1,0,0
1133,0,0,1,0,0,0,1,1,0,1,1,0,1
1134,0,0,1,0,0,0,1,1,0,1,1,1,0
1135,0,0,1,0,0,0,1,1,0,1,1,1,1
1136,0,0,1,0,0,0,1,1,1,0,0,0,0
1137,0,0,1,0,0,0,1,1,1,0,0,0,1
1138,0,0,1,0,0,0,1,1,1,0,0,1,0
1139,0,0,1,0,0,0,1,1,1,0,0,1,1
1140,0,0,1,0,0,0,1,1,1,0,1,0,0
1141,0,0,1,0,0,0,1,1,1,0,1,0,1
1142,0,0,1,0,0,0,1,1,1,0,1,1,0
1143,0,0,1,0,0,0,1,1,1,0,1,1,1
1144,0,0,1,0,0,0,1,1,1,1,0,0,0
1145,0,0,1,0,0,0,1,1,1,1,0,0,1
1146,0,0,1,0,0,0,1,1,1,1,0,1,0
1147,0,0,1,0,0,0,1,1,1,1,0,1,1
1148,0,0,1,0,0,0,1,1,1,1,1,0,0
1149,0,0,1,0,0,0,1,1,1,1,1,0,1
1150,0,0,1,0,0,0,1,1,1,1,1,1,0
1151,0,0,1,0,0,0,1,1,1,1,1,1,1
1152,0,0,1,0,0,1,0,0,0,0,0,0,0
1153,0,0,1,0,0,1,0,0,0,0,0,0,1
1154,0,0,1,0,0,1,0,0,0,0,0,1,0
1155,0,0,1,0,0,1,0,0,0,0,0,1,1
1156,0,0,1,0,0,1,0,0,0,0,1,0,0
1157,0,0,1,0,0,1,0,0,0,0,1,0,1
1158,0,0,1,0,0,1,0,0,0,0,1,1,0
1159,0,0,1,0,0,1,0,0,0,0,1,1,1
1160,0,0,1,0,0,1,0,0,0,1,0,0,0
1161,0,0,1,0,0,1,0,0,0,1,0,0,1
1162,0,0,1,0,0,1,0,0,0,1,0,1,0
1163,0,0,1,0,0,1,0,0,0,1,0,1,1
1164,0,0,1,0,0,1,0,0,0,1,1,0,0
1165,0,0,1,0,0,1,0,0,0,1,1,0,1
1166,0,0,1,0,0,1,0,0,0,1,1,1,0
1167,0,0,1,0,0,1,0,0,0,1,1,1,1
1168,0,0,1,0,0,1,0,0,1,0,0,0,0
1169,0,0,1,0,0,1,0,0,1,0,0,0,1
1170,0,0,1,0,0,1,0,0,1,0,0,1,0
1171,0,0,1,0,0,1,0,0,1,0,0,1,1
1172,0,0,1,0,0,1,0,0,1,0,1,0,0
1173,0,0,1,0,0,1,0,0,1,0,1,0,1
1174,0,0,1,0,0,1,0,0,1,0,1,1,0
1175,0,0,1,0,0,1,0,0,1,0,1,1,1
1176,0,0,1,0,0,1,0,0,1,1,0,0,0
1177,0,0,1,0,0,1,0,0,1,1,0,0,1
1178,0,0,1,0,0,1,0,0,1,1,0,1,0
1179,0,0,1,0,0,1,0,0,1,1,0,1,1
1180,0,0,1,0,0,1,0,0,1,1,1,0,0
1181,0,0,1,0,0,1,0,0,1,1,1,0,1
1182,0,0,1,0,0,1,0,0,1,1,1,1,0
1183,0,0,1,0,0,1,0,0,1,1,1,1,1
1184,0,0,1,0,0,1,0,1,0,0,0,0,0
1185,0,0,1,0,0,1,0,1,0,0,0,0,1
1186,0,0,1,0,0,1,0,1,0,0,0,1,0
1187,0,0,1,0,0,1,0,1,0,0,0,1,1
1188,0,0,1,0,0,1,0,1,0,0,1,0,0
1189,0,0,1,0,0,1,0,1,0,0,1,0,1
1190,0,0,1,0,0,1,0,1,0,0,1,1,0
1191,0,0,1,0,0,1,0,1,0,0,1,1,1
1192,0,0,1,0,0,1,0,1,0,1,0,0,0
1193,0,0,1,0,0,1,0,1,0,1,0,0,1
1194,0,0,1,0,0,1,0,1,0,1,0,1,0
1195,0,0,1,0,0,1,0,1,0,1,0,1,1
1196,0,0,1,0,0,1,0,1,0,1,1,0,0
1197,0,0,1,0,0,1,0,1,0,1,1,0,1
1198,0,0,1,0,0,1,0,1,0,1,1,1,0
1199,0,0,1,0,0,1,0,1,0,1,1,1,1
1200,0,0,1,0,0,1,0,1,1,0,0,0,0
1201,0,0,1,0,0,1,0,1,1,0,0,0,1
1202,0,0,1,0,0,1,0,1,1,0,0,1,0
1203,0,0,1,0,0,1,0,1,1,0,0,1,1
1204,0,0,1,0,0,1,0,1,1,0,1,0,0
1205,0,0,1,0,0,1,0,1,1,0,1,0,1
1206,0,0,1,0,0,1,0,1,1,0,1,1,0
1207,0,0,1,0,0,1,0,1,1,0,1,1,1
1208,0,0,1,0,0,1,0,1,1,1,0,0,0
1209,0,0,1,0,0,1,0,1,1,1,0,0,1
1210,0,0,1,0,0,1,0,1,1,1,0,1,0
1211,0,0,1,0,0,1,0,1,1,1,0,1,1
1212,0,0,1,0,0,1,0,1,1,1,1,0,0
1213,0,0,1,0,0,1,0,1,1,1,1,0,1
1214,0,0,1,0,0,1,0,1,1,1,1,1,0
1215,0,0,1,0,0,1,0,1,1,1,1,1,1
1216,0,0,1,0,0,1,1,0,0,0,0,0,0
1217,0,0,1,0,0,1,1,0,0,0,0,0,1
1218,0,0,1,0,0,1,1,0,0,0,0,1,0
1219,0,0,1,0,0,1,1,0,0,0,0,1,1
1220,0,0,1,0,0,1,1,0,0,0,1,0,0
1221,0,0,1,0,0,1,1,0,0,0,1,0,1
1222,0,0,1,0,0,1,1,0,0,0,1,1,0
1223,0,0,1,0,0,1,1,0,0,0,1,1,1
1224,0,0,1,0,0,1,1,0,0,1,0,0,0
1225,0,0,1,0,0,1,1,0,0,1,0,0,1
1226,0,0,1,0,0,1,1,0,0,1,0,1,0
1227,0,0,1,0,0,1,1,0,0,1,0,1,1
1228,0,0,1,0,0,1,1,0,0,1,1,0,0
1229,0,0,1,0,0,1,1,0,0,1,1,0,1
1230,0,0,1,0,0,1,1,0,0,1,1,1,0
1231,0,0,1,0,0,1,1,0,0,1,1,1,1
1232,0,0,1,0,0,1,1,0,1,0,0,0,0
1233,0,0,1,0,0,1,1,0,1,0,0,0,1
1234,0,0,1,0,0,1,1,0,1,0,0,1,0
1235,0,0,1,0,0,1,1,0,1,0,0,1,1
1236,0,0,1,0,0,1,1,0,1,0,1,0,0
1237,0,0,1,0,0,1,1,0,1,0,1,0,1
1238,0,0,1,0,0,1,1,0,1,0,1,1,0
1239,0,0,1,0,0,1,1,0,1,0,1,1,1
1240,0,0,1,0,0,1,1,0,1,1,0,0,0
1241,0,0,1,0,0,1,1,0,1,1,0,0,1
1242,0,0,1,0,0,1,1,0,1,1,0,1,0
1243,0,0,1,0,0,1,1,0,1,1,0,1,1
1244,0,0,1,0,0,1,1,0,1,1,1,0,0
1245,0,0,1,0,0,1,1,0,1,1,1,0,1
1246,0,0,1,0,0,1,1,0,1,1,1,1,0
1247,0,0,1,0,0,1,1,0,1,1,1,1,1
1248,0,0,1,0,0,1,1,1,0,0,0,0,0
1249,0,0,1,0,0,1,1,1,0,0,0,0,1
1250,0,0,1,0,0,1,1,1,0,0,0,1,0
1251,0,0,1,0,0,1,1,1,0,0,0,1,1
1252,0,0,1,0,0,1,1,1,0,0,1,0,0
1253,0,0,1,0,0,1,1,1,0,0,1,0,1
1254,0,0,1,0,0,1,1,1,0,0,1,1,0
1255,0,0,1,0,0,1,1,1,0,0,1,1,1
1256,0,0,1,0,0,1,1,1,0,1,0,0,0
1257,0,0,1,0,0,1,1,1,0,1,0,0,1
1258,0,0,1,0,0,1,1,1,0,1,0,1,0
1259,0,0,1,0,0,1,1,1,0,1,0,1,1
1260,0,0,1,0,0,1,1,1,0,1,1,0,0
1261,0,0,1,0,0,1,1,1,0,1,1,0,1
1262,0,0,1,0,0,1,1,1,0,1,1,1,0
1263,0,0,1,0,0,1,1,1,0,1,1,1,1
1264,0,0,1,0,0,1,1,1,1,0,0,0,0
1265,0,0,1,0,0,1,1,1,1,0,0,0,1
1266,0,0,1,0,0,1,1,1,1,0,0,1,0
1267,0,0,1,0,0,1,1,1,1,0,0,1,1
1268,0,0,1,0,0,1,1,1,1,0,1,0,0
1269,0,0,1,0,0,1,1,1,1,0,1,0,1
1270,0,0,1,0,0,1,1,1,1,0,1,1,0
1271,0,0,1,0,0,1,1,1,1,0,1,1,1
1272,0,0,1,0,0,1,1,1,1,1,0,0,0
1273,0,0,1,0,0,1,1,1,1,1,0,0,1
1274,0,0,1,0,0,1,1,1,1,1,0,1,0
1275,0,0,1,0,0,1,1,1,1,1,0,1,1
1276,0,0,1,0,0,1,1,1,1,1,1,0,0
1277,0,0,1,0,0,1,1,1,1,1,1,0,1
1278,0,0,1,0,0,1,1,1,1,1,1,1,0
1279,0,0,1,0,0,1,1,1,1,1,1,1,1
1280,0,0,1,0,1,0,0,0,0,0,0,0,0
1281,0,0,1,0,1,0,0,0,0,0,0,0,1
1282,0,0,1,0,1,0,0,0,0,0,0,1,0
1283,0,0,1,0,1,0,0,0,0,0,0,1,1
1284,0,0,1,0,1,0,0,0,0,0,1,0,0
1285,0,0,1,0,1,0,0,0,0,0,1,0,1
1286,0,0,1,0,1,0,0,0,0,0,1,1,0
1287,0,0,1,0,1,0,0,0,0,0,1,1,1
1288,0,0,1,0,1,0,0,0,0,1,0,0,0
1289,0,0,1,0,1,0,0,0,0,1,0,0,1
1290,0,0,1,0,1,0,0,0,0,1,0,1,0
1291,0,0,1,0,1,0,0,0,0,1,0,1,1
1292,0,0,1,0,1,0,0,0,0,1,1,0,0
1293,0,0,1,0,1,0,0,0,0,1,1,0,1
1294,0,0,1,0,1,0,0,0,0,1,1,1,0
1295,0,0,1,0,1,0,0,0,0,1,1,1,1
1296,0,0,1,0,1,0,0,0,1,0,0,0,0
1297,0,0,1,0,1,0,0,0,1,0,0,0,1
1298,0,0,1,0,1,0,0,0,1,0,0,1,0
1299,0,0,1,0,1,0,0,0,1,0,0,1,1
1300,0,0,1,0,1,0,0,0,1,0,1,0,0
1301,0,0,1,0,1,0,0,0,1,0,1,0,1
1302,0,0,1,0,1,0,0,0,1,0,1,1,0
1303,0,0,1,0,1,0,0,0,1,0,1,1,1
1304,0,0,1,0,1,0,0,0,1,1,0,0,0
1305,0,0,1,0,1,0,0,0,1,1,0,0,1
1306,0,0,1,0,1,0,0,0,1,1,0,1,0
1307,0,0,1,0,1,0,0,0,1,1,0,1,1
1308,0,0,1,0,1,0,0,0,1,1,1,0,0
1309,0,0,1,0,1,0,0,0,1,1,1,0,1
1310,0,0,1,0,1,0,0,0,1,1,1,1,0
1311,0,0,1,0,1,0,0,0,1,1,1,1,1
1312,0,0,1,0,1,0,0,1,0,0,0,0,0
1313,0,0,1,0,1,0,0,1,0,0,0,0,1
1314,0,0,1,0,1,0,0,1,0,0,0,1,0
1315,0,0,1,0,1,0,0,1,0,0,0,1,1
1316,0,0,1,0,1,0,0,1,0,0,1,0,0
1317,0,0,1,0,1,0,0,1,0,0,1,0,1
1318,0,0,1,0,1,0,0,1,0,0,1,1,0
1319,0,0,1,0,1,0,0,1,0,0,1,1,1
1320,0,0,1,0,1,0,0,1,0,1,0,0,0
1321,0,0,1,0,1,0,0,1,0,1,0,0,1
1322,0,0,1,0,1,0,0,1,0,1,0,1,0
1323,0,0,1,0,1,0,0,1,0,1,0,1,1
1324,0,0,1,0,1,0,0,1,0,1,1,0,0
1325,0,0,1,0,1,0,0,1,0,1,1,0,1
1326,0,0,1,0,1,0,0,1,0,1,1,1,0
1327,0,0,1,0,1,0,0,1,0,1,1,1,1
1328,0,0,1,0,1,0,0,1,1,0,0,0,0
1329,0,0,1,0,1,0,0,1,1,0,0,0,1
1330,0,0,1,0,1,0,0,1,1,0,0,1,0
1331,0,0,1,0,1,0,0,1,1,0,0,1,1
1332,0,0,1,0,1,0,0,1,1,0,1,0,0
1333,0,0,1,0,1,0,0,1,1,0,1,0,1
1334,0,0,1,0,1,0,0,1,1,0,1,1,0
1335,0,0,1,0,1,0,0,1,1,0,1,1,1
1336,0,0,1,0,1,0,0,1,1,1,0,0,0
1337,0,0,1,0,1,0,0,1,1,1,0,0,1
1338,0,0,1,0,1,0,0,1,1,1,0,1,0
1339,0,0,1,0,1,0,0,1,1,1,0,1,1
1340,0,0,1,0,1,0,0,1,1,1,1,0,0
1341,0,0,1,0,1,0,0,1,1,1,1,0,1
1342,0,0,1,0,1,0,0,1,1,1,1,1,0
1343,0,0,1,0,1,0,0,1,1,1,1,1,1
1344,0,0,1,0,1,0,1,0,0,0,0,0,0
1345,0,0,1,0,1,0,1,0,0,0,0,0,1
1346,0,0,1,0,1,0,1,0,0,0,0,1,0
1347,0,0,1,0,1,0,1,0,0,0,0,1,1
1348,0,0,1,0,1,0,1,0,0,0,1,0,0
1349,0,0,1,0,1,0,1,0,0,0,1,0,1
1350,0,0,1,0,1,0,1,0,0,0,1,1,0
1351,0,0,1,0,1,0,1,0,0,0,1,1,1
1352,0,0,1,0,1,0,1,0,0,1,0,0,0
1353,0,0,1,0,1,0,1,0,0,1,0,0,1
1354,0,0,1,0,1,0,1,0,0,1,0,1,0
1355,0,0,1,0,1,0,1,0,0,1,0,1,1
1356,0,0,1,0,1,0,1,0,0,1,1,0,0
1357,0,0,1,0,1,0,1,0,0,1,1,0,1
1358,0,0,1,0,1,0,1,0,0,1,1,1,0
1359,0,0,1,0,1,0,1,0,0,1,1,1,1
1360,0,0,1,0,1,0,1,0,1,0,0,0,0
1361,0,0,1,0,1,0,1,0,1,0,0,0,1
1362,0,0,1,0,1,0,1,0,1,0,0,1,0
1363,0,0,1,0,1,0,1,0,1,0,0,1,1
1364,0,0,1,0,1,0,1,0,1,0,1,0,0
1365,0,0,1,0,1,0,1,0,1,0,1,0,1
1366,0,0,1,0,1,0,1,0,1,0,1,1,0
1367,0,0,1,0,1,0,1,0,1,0,1,1,1
1368,0,0,1,0,1,0,1,0,1,1,0,0,0
1369,0,0,1,0,1,0,1,0,1,1,0,0,1
1370,0,0,1,0,1,0,1,0,1,1,0,1,0
1371,0,0,1,0,1,0,1,0,1,1,0,1,1
1372,0,0,1,0,1,0,1,0,1,1,1,0,0
1373,0,0,1,0,1,0,1,0,1,1,1,0,1
1374,0,0,1,0,1,0,1,0,1,1,1,1,0
1375,0,0,1,0,1,0,1,0,1,1,1,1,1
1376,0,0,1,0,1,0,1,1,0,0,0,0,0
1377,0,0,1,0,1,0,1,1,0,0,0,0,1
1378,0,0,1,0,1,0,1,1,0,0,0,1,0
1379,0,0,1,0,1,0,1,1,0,0,0,1,1
1380,0,0,1,0,1,0,1,1,0,0,1,0,0
1381,0,0,1,0,1,0,1,1,0,0,1,0,1
1382,0,0,1,0,1,0,1,1,0,0,1,1,0
1383,0,0,1,0,1,0,1,1,0,0,1,1,1
1384,0,0,1,0,1,0,1,1,0,1,0,0,0
1385,0,0,1,0,1,0,1,1,0,1,0,0,1
1386,0,0,1,0,1,0,1,1,0,1,0,1,0
1387,0,0,1,0,1,0,1,1,0,1,0,1,1
1388,0,0,1,0,1,0,1,1,0,1,1,0,0
1389,0,0,1,0,1,0,1,1,0,1,1,0,1
1390,0,0,1,0,1,0,1,1,0,1,1,1,0
1391,0,0,1,0,1,0,1,1,0,1,1,1,1
1392,0,0,1,0,1,0,1,1,1,0,0,0,0
1393,0,0,1,0,1,0,1,1,1,0,0,0,1
1394,0,0,1,0,1,0,1,1,1,0,0,1,0
1395,0,0,1,0,1,0,1,1,1,0,0,1,1
1396,0,0,1,0,1,0,1,1,1,0,1,0,0
1397,0,0,1,0,1,0,1,1,1,0,1,0,1
1398,0,0,1,0,1,0,1,1,1,0,1,1,0
1399,0,0,1,0,1,0,1,1,1,0,1,1,1
1400,0,0,1,0,1,0,1,1,1,1,0,0,0
1401,0,0,1,0,1,0,1,1,1,1,0,0,1
1402,0,0,1,0,1,0,1,1,1,1,0,1,0
1403,0,0,1,0,1,0,1,1,1,1,0,1,1
1404,0,0,1,0,1,0,1,1,1,1,1,0,0
1405,0,0,1,0,1,0,1,1,1,1,1,0,1
1406,0,0,1,0,1,0,1,1,1,1,1,1,0
1407,0,0,1,0,1,0,1,1,1,1,1,1,1
1408,0,0,1,0,1,1,0,0,0,0,0,0,0
1409,0,0,1,0,1,1,0,0,0,0,0,0,1
1410,0,0,1,0,1,1,0,0,0,0,0,1,0
1411,0,0,1,0,1,1,0,0,0,0,0,1,1
1412,0,0,1,0,1,1,0,0,0,0,1,0,0
1413,0,0,1,0,1,1,0,0,0,0,1,0,1
1414,0,0,1,0,1,1,0,0,0,0,1,1,0
1415,0,0,1,0,1,1,0,0,0,0,1,1,1
1416,0,0,1,0,1,1,0,0,0,1,0,0,0
1417,0,0,1,0,1,1,0,0,0,1,0,0,1
1418,0,0,1,0,1,1,0,0,0,1,0,1,0
1419,0,0,1,0,1,1,0,0,0,1,0,1,1
1420,0,0,1,0,1,1,0,0,0,1,1,0,0
1421,0,0,1,0,1,1,0,0,0,1,1,0,1
1422,0,0,1,0,1,1,0,0,0,1,1,1,0
1423,0,0,1,0,1,1,0,0,0,1,1,1,1
1424,0,0,1,0,1,1,0,0,1,0,0,0,0
1425,0,0,1,0,1,1,0,0,1,0,0,0,1
1426,0,0,1,0,1,1,0,0,1,0,0,1,0
1427,0,0,1,0,1,1,0,0,1,0,0,1,1
1428,0,0,1,0,1,1,0,0,1,0,1,0,0
1429,0,0,1,0,1,1,0,0,1,0,1,0,1
1430,0,0,1,0,1,1,0,0,1,0,1,1,0
1431,0,0,1,0,1,1,0,0,1,0,1,1,1
1432,0,0,1,0,1,1,0,0,1,1,0,0,0
1433,0,0,1,0,1,1,0,0,1,1,0,0,1
1434,0,0,1,0,1,1,0,0,1,1,0,1,0
1435,0,0,1,0,1,1,0,0,1,1,0,1,1
1436,0,0,1,0,1,1,0,0,1,1,1,0,0
1437,0,0,1,0,1,1,0,0,1,1,1,0,1
1438,0,0,1,0,1,1,0,0,1,1,1,1,0
1439,0,0,1,0,1,1,0,0,1,1,1,1,1
1440,0,0,1,0,1,1,0,1,0,0,0,0,0
1441,0,0,1,0,1,1,0,1,0,0,0,0,1
1442,0,0,1,0,1,1,0,1,0,0,0,1,0
1443,0,0,1,0,1,1,0,1,0,0,0,1,1
1444,0,0,1,0,1,1,0,1,0,0,1,0,0
1445,0,0,1,0,1,1,0,1,0,0,1,0,1
1446,0,0,1,0,1,1,0,1,0,0,1,1,0
1447,0,0,1,0,1,1,0,1,0,0,1,1,1
1448,0,0,1,0,1,1,0,1,0,1,0,0,0
1449,0,0,1,0,1,1,0,1,0,1,0,0,1
1450,0,0,1,0,1,1,0,1,0,1,0,1,0
1451,0,0,1,0,1,1,0,1,0,1,0,1,1
1452,0,0,1,0,1,1,0,1,0,1,1,0,0
1453,0,0,1,0,1,1,0,1,0,1,1,0,1
1454,0,0,1,0,1,1,0,1,0,1,1,1,0
1455,0,0,1,0,1,1,0,1,0,1,1,1,1
1456,0,0,1,0,1,1,0,1,1,0,0,0,0
1457,0,0,1,0,1,1,0,1,1,0,0,0,1
1458,0,0,1,0,1,1,0,1,1,0,0,1,0
1459,0,0,1,0,1,1,0,1,1,0,0,1,1
1460,0,0,1,0,1,1,0,1,1,0,1,0,0
1461,0,0,1,0,1,1,0,1,1,0,1,0,1
1462,0,0,1,0,1,1,0,1,1,0,1,1,0
1463,0,0,1,0,1,1,0,1,1,0,1,1,1
1464,0,0,1,0,1,1,0,1,1,1,0,0,0
1465,0,0,1,0,1,1,0,1,1,1,0,0,1
1466,0,0,1,0,1,1,0,1,1,1,0,1,0
1467,0,0,1,0,1,1,0,1,1,1,0,1,1
1468,0,0,1,0,1,1,0,1,1,1,1,0,0
1469,0,0,1,0,1,1,0,1,1,1,1,0,1
1470,0,0,1,0,1,1,0,1,1,1,1,1,0
1471,0,0,1,0,1,1,0,1,1,1,1,1,1
1472,0,0,1,0,1,1,1,0,0,0,0,0,0
1473,0,0,1,0,1,1,1,0,0,0,0,0,1
1474,0,0,1,0,1,1,1,0,0,0,0,1,0
1475,0,0,1,0,1,1,1,0,0,0,0,1,1
1476,0,0,1,0,1,1,1,0,0,0,1,0,0
1477,0,0,1,0,1,1,1,0,0,0,1,0,1
1478,0,0,1,0,1,1,1,0,0,0,1,1,0
1479,0,0,1,0,1,1,1,0,0,0,1,1,1
1480,0,0,1,0,1,1,1,0,0,1,0,0,0
1481,0,0,1,0,1,1,1,0,0,1,0,0,1
1482,0,0,1,0,1,1,1,0,0,1,0,1,0
1483,0,0,1,0,1,1,1,0,0,1,0,1,1
1484,0,0,1,0,1,1,1,0,0,1,1,0,0
1485,0,0,1,0,1,1,1,0,0,1,1,0,1
1486,0,0,1,0,1,1,1,0,0,1,1,1,0
1487,0,0,1,0,1,1,1,0,0,1,1,1,1
1488,0,0,1,0,1,1,1,0,1,0,0,0,0
1489,0,0,1,0,1,1,1,0,1,0,0,0,1
1490,0,0,1,0,1,1,1,0,1,0,0,1,0
1491,0,0,1,0,1,1,1,0,1,0,0,1,1
1492,0,0,1,0,1,1,1,0,1,0,1,0,0
1493,0,0,1,0,1,1,1,0,1,0,1,0,1
1494,0,0,1,0,1,1,1,0,1,0,1,1,0
1495,0,0,1,0,1,1,1,0,1,0,1,1,1
1496,0,0,1,0,1,1,1,0,1,1,0,0,0
1497,0,0,1,0,1,1,1,0,1,1,0,0,1
1498,0,0,1,0,1,1,1,0,1,1,0,1,0
1499,0,0,1,0,1,1,1,0,1,1,0,1,1
1500,0,0,1,0,1,1,1,0,1,1,1,0,0
1501,0,0,1,0,1,1,1,0,1,1,1,0,1
1502,0,0,1,0,1,1,1,0,1,1,1,1,0
1503,0,0,1,0,1,1,1,0,1,1,1,1,1
1504,0,0,1,0,1,1,1,1,0,0,0,0,0
1505,0,0,1,0,1,1,1,1,0,0,0,0,1
1506,0,0,1,0,1,1,1,1,0,0,0,1,0
1507,0,0,1,0,1,1,1,1,0,0,0,1,1
1508,0,0,1,0,1,1,1,1,0,0,1,0,0
1509,0,0,1,0,1,1,1,1,0,0,1,0,1
1510,0,0,1,0,1,1,1,1,0,0,1,1,0
1511,0,0,1,0,1,1,1,1,0,0,1,1,1
1512,0,0,1,0,1,1,1,1,0,1,0,0,0
1513,0,0,1,0,1,1,1,1,0,1,0,0,1
1514,0,0,1,0,1,1,1,1,0,1,0,1,0
1515,0,0,1,0,1,1,1,1,0,1,0,1,1
1516,0,0,1,0,1,1,1,1,0,1,1,0,0
1517,0,0,1,0,1,1,1,1,0,1,1,0,1
1518,0,0,1,0,1,1,1,1,0,1,1,1,0
1519,0,0,1,0,1,1,1,1,0,1,1,1,1
1520,0,0,1,0,1,1,1,1,1,0,0,0,0
1521,0,0,1,0,1,1,1,1,1,0,0,0,1
1522,0,0,1,0,1,1,1,1,1,0,0,1,0
1523,0,0,1,0,1,1,1,1,1,0,0,1,1
1524,0,0,1,0,1,1,1,1,1,0,1,0,0
1525,0,0,1,0,1,1,1,1,1,0,1,0,1
1526,0,0,1,0,1,1,1,1,1,0,1,1,0
1527,0,0,1,0,1,1,1,1,1,0,1,1,1
1528,0,0,1,0,1,1,1,1,1,1,0,0,0
1529,0,0,1,0,1,1,1,1,1,1,0,0,1
1530,0,0,1,0,1,1,1,1,1,1,0,1,0
1531,0,0,1,0,1,1,1,1,1,1,0,1,1
1532,0,0,1,0,1,1,1,1,1,1,1,0,0
1533,0,0,1,0,1,1,1,1,1,1,1,0,1
1534,0,0,1,0,1,1,1,1,1,1,1,1,0
1535,0,0,1,0,1,1,1,1,1,1,1,1,1
1536,0,0,0,1,0,0,0,0,0,0,0,0,0
1537,0,0,0,1,0,0,0,0,0,0,0,0,1
1538,0,0,0,1,0,0,0,0,0,0,0,1,0
1539,0,0,0,1,0,0,0,0,0,0,0,1,1
1540,0,0,0,1,0,0,0,0,0,0,1,0,0
1541,0,0,0,1,0,0,0,0,0,0,1,0,1
1542,0,0,0,1,0,0,0,0,0,0,1,1,0
1543,0,0,0,1,0,0,0,0,0,0,1,1,1
1544,0,0,0,1,0,0,0,0,0,1,0,0,0
1545,0,0,0,1,0,0,0,0,0,1,0,0,1
1546,0,0,0,1,0,0,0,0,0,1,0,1,0
1547,0,0,0,1,0,0,0,0,0,1,0,1,1
1548,0,0,0,1,0,0,0,0,0,1,1,0,0
1549,0,0,0,1,0,0,0,0,0,1,1,0,1
1550,0,0,0,1,0,0,0,0,0,1,1,1,0
1551,0,0,0,1,0,0,0,0,0,1,1,1,1
1552,0,0,0,1,0,0,0,0,1,0,0,0,0
1553,0,0,0,1,0,0,0,0,1,0,0,0,1
1554,0,0,0,1,0,0,0,0,1,0,0,1,0
1555,0,0,0,1,0,0,0,0,1,0,0,1,1
1556,0,0,0,1,0,0,0,0,1,0,1,0,0
1557,0,0,0,1,0,0,0,0,1,0,1,0,1
1558,0,0,0,1,0,0,0,0,1,0,1,1,0
1559,0,0,0,1,0,0,0,0,1,0,1,1,1
1560,0,0,0,1,0,0,0,0,1,1,0,0,0
1561,0,0,0,1,0,0,0,0,1,1,0,0,1
1562,0,0,0,1,0,0,0,0,1,1,0,1,0
1563,0,0,0,1,0,0,0,0,1,1,0,1,1
1564,0,0,0,1,0,0,0,0,1,1,1,0,0
1565,0,0,0,1,0,0,0,0,1,1,1,0,1
1566,0,0,0,1,0,0,0,0,1,1,1,1,0
1567,0,0,0,1,0,0,0,0,1,1,1,1,1
1568,0,0,0,1,0,0,0,1,0,0,0,0,0
1569,0,0,0,1,0,0,0,1,0,0,0,0,1
1570,0,0,0,1,0,0,0,1,0,0,0,1,0
1571,0,0,0,1,0,0,0,1,0,0,0,1,1
1572,0,0,0,1,0,0,0,1,0,0,1,0,0
1573,0,0,0,1,0,0,0,1,0,0,1,0,1
1574,0,0,0,1,0,0,0,1,0,0,1,1,0
1575,0,0,0,1,0,0,0,1,0,0,1,1,1
1576,0,0,0,1,0,0,0,1,0,1,0,0,0
1577,0,0,0,1,0,0,0,1,0,1,0,0,1
1578,0,0,0,1,0,0,0,1,0,1,0,1,0
1579,0,0,0,1,0,0,0,1,0,1,0,1,1
1580,0,0,0,1,0,0,0,1,0,1,1,0,0
1581,0,0,0,1,0,0,0,1,0,1,1,0,1
1582,0,0,0,1,0,0,0,1,0,1,1,1,0
1583,0,0,0,1,0,0,0,1,0,1,1,1,1
1584,0,0,0,1,0,0,0,1,1,0,0,0,0
1585,0,0,0,1,0,0,0,1,1,0,0,0,1
1586,0,0,0,1,0,0,0,1,1,0,0,1,0
1587,0,0,0,1,0,0,0,1,1,0,0,1,1
1588,0,0,0,1,0,0,0,1,1,0,1,0,0
1589,0,0,0,1,0,0,0,1,1,0,1,0,1
1590,0,0,0,1,0,0,0,1,1,0,1,1,0
1591,0,0,0,1,0,0,0,1,1,0,1,1,1
1592,0,0,0,1,0,0,0,1,1,1,0,0,0
1593,0,0,0,1,0,0,0,1,1,1,0,0,1
1594,0,0,0,1,0,0,0,1,1,1,0,1,0
1595,0,0,0,1,0,0,0,1,1,1,0,1,1
1596,0,0,0,1,0,0,0,1,1,1,1,0,0
1597,0,0,0,1,0,0,0,1,1,1,1,0,1
1598,0,0,0,1,0,0,0,1,1,1,1,1,0
1599,0,0,0,1,0,0,0,1,1,1,1,1,1
1600,0,0,0,1,0,0,1,0,0,0,0,0,0
1601,0,0,0,1,0,0,1,0,0,0,0,0,1
1602,0,0,0,1,0,0,1,0,0,0,0,1,0
1603,0,0,0,1,0,0,1,0,0,0,0,1,1
1604,0,0,0,1,0,0,1,0,0,0,1,0,0
1605,0,0,0,1,0,0,1,0,0,0,1,0,1
1606,0,0,0,1,0,0,1,0,0,0,1,1,0
1607,0,0,0,1,0,0,1,0,0,0,1,1,1
1608,0,0,0,1,0,0,1,0,0,1,0,0,0
1609,0,0,0,1,0,0,1,0,0,1,0,0,1
1610,0,0,0,1,0,0,1,0,0,1,0,1,0
1611,0,0,0,1,0,0,1,0,0,1,0,1,1
1612,0,0,0,1,0,0,1,0,0,1,1,0,0
1613,0,0,0,1,0,0,1,0,0,1,1,0,1
1614,0,0,0,1,0,0,1,0,0,1,1,1,0
1615,0,0,0,1,0,0,1,0,0,1,1,1,1
1616,0,0,0,1,0,0,1,0,1,0,0,0,0
1617,0,0,0,1,0,0,1,0,1,0,0,0,1
1618,0,0,0,1,0,0,1,0,1,0,0,1,0
1619,0,0,0,1,0,0,1,0,1,0,0,1,1
1620,0,0,0,1,0,0,1,0,1,0,1,0,0
1621,0,0,0,1,0,0,1,0,1,0,1,0,1
1622,0,0,0,1,0,0,1,0,1,0,1,1,0
1623,0,0,0,1,0,0,1,0,1,0,1,1,1
1624,0,0,0,1,0,0,1,0,1,1,0,0,0
1625,0,0,0,1,0,0,1,0,1,1,0,0,1
1626,0,0,0,1,0,0,1,0,1,1,0,1,0
1627,0,0,0,1,0,0,1,0,1,1,0,1,1
1628,0,0,0,1,0,0,1,0,1,1,1,0,0
1629,0,0,0,1,0,0,1,0,1,1,1,0,1
1630,0,0,0,1,0,0,1,0,1,1,1,1,0
1631,0,0,0,1,0,0,1,0,1,1,1,1,1
1632,0,0,0,1,0,0,1,1,0,0,0,0,0
1633,0,0,0,1,0,0,1,1,0,0,0,0,1
1634,0,0,0,1,0,0,1,1,0,0,0,1,0
1635,0,0,0,1,0,0,1,1,0,0,0,1,1
1636,0,0,0,1,0,0,1,1,0,0,1,0,0
1637,0,0,0,1,0,0,1,1,0,0,1,0,1
1638,0,0,0,1,0,0,1,1,0,0,1,1,0
1639,0,0,0,1,0,0,1,1,0,0,1,1,1
1640,0,0,0,1,0,0,1,1,0,1,0,0,0
1641,0,0,0,1,0,0,1,1,0,1,0,0,1
1642,0,0,0,1,0,0,1,1,0,1,0,1,0
1643,0,0,0,1,0,0,1,1,0,1,0,1,1
1644,0,0,0,1,0,0,1,1,0,1,1,0,0
1645,0,0,0,1,0,0,1,1,0,1,1,0,1
1646,0,0,0,1,0,0,1,1,0,1,1,1,0
1647,0,0,0,1,0,0,1,1,0,1,1,1,1
1648,0,0,0,1,0,0,1,1,1,0,0,0,0
1649,0,0,0,1,0,0,1,1,1,0,0,0,1
1650,0,0,0,1,0,0,1,1,1,0,0,1,0
1651,0,0,0,1,0,0,1,1,1,0,0,1,1
1652,0,0,0,1,0,0,1,1,1,0,1,0,0
1653,0,0,0,1,0,0,1,1,1,0,1,0,1
1654,0,0,0,1,0,0,1,1,1,0,1,1,0
1655,0,0,0,1,0,0,1,1,1,0,1,1,1
1656,0,0,0,1,0,0,1,1,1,1,0,0,0
1657,0,0,0,1,0,0,1,1,1,1,0,0,1
1658,0,0,0,1,0,0,1,1,1,1,0,1,0
1659,0,0,0,1,0,0,1,1,1,1,0,1,1
1660,0,0,0,1,0,0,1,1,1,1,1,0,0
1661,0,0,0,1,0,0,1,1,1,1,1,0,1
1662,0,0,0,1,0,0,1,1,1,1,1,1,0
1663,0,0,0,1,0,0,1,1,1,1,1,1,1
1664,0,0,0,1,0,1,0,0,0,0,0,0,0
1665,0,0,0,1,0,1,0,0,0,0,0,0,1
1666,0,0,0,1,0,1,0,0,0,0,0,1,0
1667,0,0,0,1,0,1,0,0,0,0,0,1,1
1668,0,0,0,1,0,1,0,0,0,0,1,0,0
1669,0,0,0,1,0,1,0,0,0,0,1,0,1
1670,0,0,0,1,0,1,0,0,0,0,1,1,0
1671,0,0,0,1,0,1,0,0,0,0,1,1,1
1672,0,0,0,1,0,1,0,0,0,1,0,0,0
1673,0,0,0,1,0,1,0,0,0,1,0,0,1
1674,0,0,0,1,0,1,0,0,0,1,0,1,0
1675,0,0,0,1,0,1,0,0,0,1,0,1,1
1676,0,0,0,1,0,1,0,0,0,1,1,0,0
1677,0,0,0,1,0,1,0,0,0,1,1,0,1
1678,0,0,0,1,0,1,0,0,0,1,1,1,0
1679,0,0,0,1,0,1,0,0,0,1,1,1,1
1680,0,0,0,1,0,1,0,0,1,0,0,0,0
1681,0,0,0,1,0,1,0,0,1,0,0,0,1
1682,0,0,0,1,0,1,0,0,1,0,0,1,0
1683,0,0,0,1,0,1,0,0,1,0,0,1,1
1684,0,0,0,1,0,1,0,0,1,0,1,0,0
1685,0,0,0,1,0,1,0,0,1,0,1,0,1
1686,0,0,0,1,0,1,0,0,1,0,1,1,0
1687,0,0,0,1,0,1,0,0,1,0,1,1,1
1688,0,0,0,1,0,1,0,0,1,1,0,0,0
1689,0,0,0,1,0,1,0,0,1,1,0,0,1
1690,0,0,0,1,0,1,0,0,1,1,0,1,0
1691,0,0,0,1,0,1,0,0,1,1,0,1,1
1692,0,0,0,1,0,1,0,0,1,1,1,0,0
1693,0,0,0,1,0,1,0,0,1,1,1,0,1
1694,0,0,0,1,0,1,0,0,1,1,1,1,0
1695,0,0,0,1,0,1,0,0,1,1,1,1,1
1696,0,0,0,1,0,1,0,1,0,0,0,0,0
1697,0,0,0,1,0,1,0,1,0,0,0,0,1
1698,0,0,0,1,0,1,0,1,0,0,0,1,0
1699,0,0,0,1,0,1,0,1,0,0,0,1,1
1700,0,0,0,1,0,1,0,1,0,0,1,0,0
1701,0,0,0,1,0,1,0,1,0,0,1,0,1
1702,0,0,0,1,0,1,0,1,0,0,1,1,0
1703,0,0,0,1,0,1,0,1,0,0,1,1,1
1704,0,0,0,1,0,1,0,1,0,1,0,0,0
1705,0,0,0,1,0,1,0,1,0,1,0,0,1
1706,0,0,0,1,0,1,0,1,0,1,0,1,0
1707,0,0,0,1,0,1,0,1,0,1,0,1,1
1708,0,0,0,1,0,1,0,1,0,1,1,0,0
1709,0,0,0,1,0,1,0,1,0,1,1,0,1
1710,0,0,0,1,0,1,0,1,0,1,1,1,0
1711,0,0,0,1,0,1,0,1,0,1,1,1,1
1712,0,0,0,1,0,1,0,1,1,0,0,0,0
1713,0,0,0,1,0,1,0,1,1,0,0,0,1
1714,0,0,0,1,0,1,0,1,1,0,0,1,0
1715,0,0,0,1,0,1,0,1,1,0,0,1,1
1716,0,0,0,1,0,1,0,1,1,0,1,0,0
1717,0,0,0,1,0,1,0,1,1,0,1,0,1
1718,0,0,0,1,0,1,0,1,1,0,1,1,0
1719,0,0,0,1,0,1,0,1,1,0,1,1,1
1720,0,0,0,1,0,1,0,1,1,1,0,0,0
1721,0,0,0,1,0,1,0,1,1,1,0,0,1
1722,0,0,0,1,0,1,0,1,1,1,0,1,0
1723,0,0,0,1,0,1,0,1,1,1,0,1,1
1724,0,0,0,1,0,1,0,1,1,1,1,0,0
1725,0,0,0,1,0,1,0,1,1,1,1,0,1
1726,0,0,0,1,0,1,0,1,1,1,1,1,0
1727,0,0,0,1,0,1,0,1,1,1,1,1,1
1728,0,0,0,1,0,1,1,0,0,0,0,0,0
1729,0,0,0,1,0,1,1,0,0,0,0,0,1
1730,0,0,0,1,0,1,1,0,0,0,0,1,0
1731,0,0,0,1,0,1,1,0,0,0,0,1,1
1732,0,0,0,1,0,1,1,0,0,0,1,0,0
1733,0,0,0,1,0,1,1,0,0,0,1,0,1
1734,0,0,0,1,0,1,1,0,0,0,1,1,0
1735,0,0,0,1,0,1,1,0,0,0,1,1,1
1736,0,0,0,1,0,1,1,0,0,1,0,0,0
1737,0,0,0,1,0,1,1,0,0,1,0,0,1
1738,0,0,0,1,0,1,1,0,0,1,0,1,0
1739,0,0,0,1,0,1,1,0,0,1,0,1,1
1740,0,0,0,1,0,1,1,0,0,1,1,0,0
1741,0,0,0,1,0,1,1,0,0,1,1,0,1
1742,0,0,0,1,0,1,1,0,0,1,1,1,0
1743,0,0,0,1,0,1,1,0,0,1,1,1,1
1744,0,0,0,1,0,1,1,0,1,0,0,0,0
1745,0,0,0,1,0,1,1,0,1,0,0,0,1
1746,0,0,0,1,0,1,1,0,1,0,0,1,0
1747,0,0,0,1,0,1,1,0,1,0,0,1,1
1748,0,0,0,1,0,1,1,0,1,0,1,0,0
1749,0,0,0,1,0,1,1,0,1,0,1,0,1
1750,0,0,0,1,0,1,1,0,1,0,1,1,0
1751,0,0,0,1,0,1,1,0,1,0,1,1,1
1752,0,0,0,1,0,1,1,0,1,1,0,0,0
1753,0,0,0,1,0,1,1,0,1,1,0,0,1
1754,0,0,0,1,0,1,1,0,1,1,0,1,0
1755,0,0,0,1,0,1,1,0,1,1,0,1,1
1756,0,0,0,1,0,1,1,0,1,1,1,0,0
1757,0,0,0,1,0,1,1,0,1,1,1,0,1
1758,0,0,0,1,0,1,1,0,1,1,1,1,0
1759,0,0,0,1,0,1,1,0,1,1,1,1,1
1760,0,0,0,1,0,1,1,1,0,0,0,0,0
1761,0,0,0,1,0,1,1,1,0,0,0,0,1
1762,0,0,0,1,0,1,1,1,0,0,0,1,0
1763,0,0,0,1,0,1,1,1,0,0,0,1,1
1764,0,0,0,1,0,1,1,1,0,0,1,0,0
1765,0,0,0,1,0,1,1,1,0,0,1,0,1
1766,0,0,0,1,0,1,1,1,0,0,1,1,0
1767,0,0,0,1,0,1,1,1,0,0,1,1,1
1768,0,0,0,1,0,1,1,1,0,1,0,0,0
1769,0,0,0,1,0,1,1,1,0,1,0,0,1
1770,0,0,0,1,0,1,1,1,0,1,0,1,0
1771,0,0,0,1,0,1,1,1,0,1,0,1,1
1772,0,0,0,1,0,1,1,1,0,1,1,0,0
1773,0,0,0,1,0,1,1,1,0,1,1,0,1
1774,0,0,0,1,0,1,1,1,0,1,1,1,0
1775,0,0,0,1,0,1,1,1,0,1,1,1,1
1776,0,0,0,1,0,1,1,1,1,0,0,0,0
1777,0,0,0,1,0,1,1,1,1,0,0,0,1
1778,0,0,0,1,0,1,1,1,1,0,0,1,0
1779,0,0,0,1,0,1,1,1,1,0,0,1,1
1780,0,0,0,1,0,1,1,1,1,0,1,0,0
1781,0,0,0,1,0,1,1,1,1,0,1,0,1
1782,0,0,0,1,0,1,1,1,1,0,1,1,0
1783,0,0,0,1,0,1,1,1,1,0,1,1,1
1784,0,0,0,1,0,1,1,1,1,1,0,0,0
1785,0,0,0,1,0,1,1,1,1,1,0,0,1
1786,0,0,0,1,0,1,1,1,1,1,0,1,0
1787,0,0,0,1,0,1,1,1,1,1,0,1,1
1788,0,0,0,1,0,1,1,1,1,1,1,0,0
1789,0,0,0,1,0,1,1,1,1,1,1,0,1
1790,0,0,0,1,0,1,1,1,1,1,1,1,0
1791,0,0,0,1,0,1,1,1,1,1,1,1,1
1792,0,0,0,1,1,0,0,0,0,0,0,0,0
1793,0,0,0,1,1,0,0,0,0,0,0,0,1
1794,0,0,0,1,1,0,0,0,0,0,0,1,0
1795,0,0,0,1,1,0,0,0,0,0,0,1,1
1796,0,0,0,1,1,0,0,0,0,0,1,0,0
1797,0,0,0,1,1,0,0,0,0,0,1,0,1
1798,0,0,0,1,1,0,0,0,0,0,1,1,0
1799,0,0,0,1,1,0,0,0,0,0,1,1,1
1800,0,0,0,1,1,0,0,0,0,1,0,0,0
1801,0,0,0,1,1,0,0,0,0,1,0,0,1
1802,0,0,0,1,1,0,0,0,0,1,0,1,0
1803,0,0,0,1,1,0,0,0,0,1,0,1,1
1804,0,0,0,1,1,0,0,0,0,1,1,0,0
1805,0,0,0,1,1,0,0,0,0,1,1,0,1
1806,0,0,0,1,1,0,0,0,0,1,1,1,0
1807,0,0,0,1,1,0,0,0,0,1,1,1,1
1808,0,0,0,1,1,0,0,0,1,0,0,0,0
1809,0,0,0,1,1,0,0,0,1,0,0,0,1
1810,0,0,0,1,1,0,0,0,1,0,0,1,0
1811,0,0,0,1,1,0,0,0,1,0,0,1,1
1812,0,0,0,1,1,0,0,0,1,0,1,0,0
1813,0,0,0,1,1,0,0,0,1,0,1,0,1
1814,0,0,0,1,1,0,0,0,1,0,1,1,0
1815,0,0,0,1,1,0,0,0,1,0,1,1,1
1816,0,0,0,1,1,0,0,0,1,1,0,0,0
1817,0,0,0,1,1,0,0,0,1,1,0,0,1
1818,0,0,0,1,1,0,0,0,1,1,0,1,0
1819,0,0,0,1,1,0,0,0,1,1,0,1,1
1820,0,0,0,1,1,0,0,0,1,1,1,0,0
1821,0,0,0,1,1,0,0,0,1,1,1,0,1
1822,0,0,0,1,1,0,0,0,1,1,1,1,0
1823,0,0,0,1,1,0,0,0,1,1,1,1,1
1824,0,0,0,1,1,0,0,1,0,0,0,0,0
1825,0,0,0,1,1,0,0,1,0,0,0,0,1
1826,0,0,0,1,1,0,0,1,0,0,0,1,0
1827,0,0,0,1,1,0,0,1,0,0,0,1,1
1828,0,0,0,1,1,0,0,1,0,0,1,0,0
1829,0,0,0,1,1,0,0,1,0,0,1,0,1
1830,0,0,0,1,1,0,0,1,0,0,1,1,0
1831,0,0,0,1,1,0,0,1,0,0,1,1,1
1832,0,0,0,1,1,0,0,1,0,1,0,0,0
1833,0,0,0,1,1,0,0,1,0,1,0,0,1
1834,0,0,0,1,1,0,0,1,0,1,0,1,0
1835,0,0,0,1,1,0,0,1,0,1,0,1,1
1836,0,0,0,1,1,0,0,1,0,1,1,0,0
1837,0,0,0,1,1,0,0,1,0,1,1,0,1
1838,0,0,0,1,1,0,0,1,0,1,1,1,0
1839,0,0,0,1,1,0,0,1,0,1,1,1,1
1840,0,0,0,1,1,0,0,1,1,0,0,0,0
1841,0,0,0,1,1,0,0,1,1,0,0,0,1
1842,0,0,0,1,1,0,0,1,1,0,0,1,0
1843,0,0,0,1,1,0,0,1,1,0,0,1,1
1844,0,0,0,1,1,0,0,1,1,0,1,0,0
1845,0,0,0,1,1,0,0,1,1,0,1,0,1
1846,0,0,0,1,1,0,0,1,1,0,1,1,0
1847,0,0,0,1,1,0,0,1,1,0,1,1,1
1848,0,0,0,1,1,0,0,1,1,1,0,0,0
1849,0,0,0,1,1,0,0,1,1,1,0,0,1
1850,0,0,0,1,1,0,0,1,1,1,0,1,0
1851,0,0,0,1,1,0,0,1,1,1,0,1,1
1852,0,0,0,1,1,0,0,1,1,1,1,0,0
1853,0,0,0,1,1,0,0,1,1,1,1,0,1
1854,0,0,0,1,1,0,0,1,1,1,1,1,0
1855,0,0,0,1,1,0,0,1,1,1,1,1,1
1856,0,0,0,1,1,0,1,0,0,0,0,0,0
1857,0,0,0,1,1,0,1,0,0,0,0,0,1
1858,0,0,0,1,1,0,1,0,0,0,0,1,0
1859,0,0,0,1,1,0,1,0,0,0,0,1,1
1860,0,0,0,1,1,0,1,0,0,0,1,0,0
1861,0,0,0,1,1,0,1,0,0,0,1,0,1
1862,0,0,0,1,1,0,1,0,0,0,1,1,0
1863,0,0,0,1,1,0,1,0,0,0,1,1,1
1864,0,0,0,1,1,0,1,0,0,1,0,0,0
1865,0,0,0,1,1,0,1,0,0,1,0,0,1
1866,0,0,0,1,1,0,1,0,0,1,0,1,0
1867,0,0,0,1,1,0,1,0,0,1,0,1,1
1868,0,0,0,1,1,0,1,0,0,1,1,0,0
1869,0,0,0,1,1,0,1,0,0,1,1,0,1
1870,0,0,0,1,1,0,1,0,0,1,1,1,0
1871,0,0,0,1,1,0,1,0,0,1,1,1,1
1872,0,0,0,1,1,0,1,0,1,0,0,0,0
1873,0,0,0,1,1,0,1,0,1,0,0,0,1
1874,0,0,0,1,1,0,1,0,1,0,0,1,0
1875,0,0,0,1,1,0,1,0,1,0,0,1,1
1876,0,0,0,1,1,0,1,0,1,0,1,0,0
1877,0,0,0,1,1,0,1,0,1,0,1,0,1
1878,0,0,0,1,1,0,1,0,1,0,1,1,0
1879,0,0,0,1,1,0,1,0,1,0,1,1,1
1880,0,0,0,1,1,0,1,0,1,1,0,0,0
1881,0,0,0,1,1,0,1,0,1,1,0,0,1
1882,0,0,0,1,1,0,1,0,1,1,0,1,0
1883,0,0,0,1,1,0,1,0,1,1,0,1,1
1884,0,0,0,1,1,0,1,0,1,1,1,0,0
1885,0,0,0,1,1,0,1,0,1,1,1,0,1
1886,0,0,0,1,1,0,1,0,1,1,1,1,0
1887,0,0,0,1,1,0,1,0,1,1,1,1,1
1888,0,0,0,1,1,0,1,1,0,0,0,0,0
1889,0,0,0,1,1,0,1,1,0,0,0,0,1
1890,0,0,0,1,1,0,1,1,0,0,0,1,0
1891,0,0,0,1,1,0,1,1,0,0,0,1,1
1892,0,0,0,1,1,0,1,1,0,0,1,0,0
1893,0,0,0,1,1,0,1,1,0,0,1,0,1
1894,0,0,0,1,1,0,1,1,0,0,1,1,0
1895,0,0,0,1,1,0,1,1,0,0,1,1,1
1896,0,0,0,1,1,0,1,1,0,1,0,0,0
1897,0,0,0,1,1,0,1,1,0,1,0,0,1
1898,0,0,0,1,1,0,1,1,0,1,0,1,0
1899,0,0,0,1,1,0,1,1,0,1,0,1,1
1900,0,0,0,1,1,0,1,1,0,1,1,0,0
1901,0,0,0,1,1,0,1,1,0,1,1,0,1
1902,0,0,0,1,1,0,1,1,0,1,1,1,0
1903,0,0,0,1,1,0,1,1,0,1,1,1,1
1904,0,0,0,1,1,0,1,1,1,0,0,0,0
1905,0,0,0,1,1,0,1,1,1,0,0,0,1
1906,0,0,0,1,1,0,1,1,1,0,0,1,0
1907,0,0,0,1,1,0,1,1,1,0,0,1,1
1908,0,0,0,1,1,0,1,1,1,0,1,0,0
1909,0,0,0,1,1,0,1,1,1,0,1,0,1
1910,0,0,0,1,1,0,1,1,1,0,1,1,0
1911,0,0,0,1,1,0,1,1,1,0,1,1,1
1912,0,0,0,1,1,0,1,1,1,1,0,0,0
1913,0,0,0,1,1,0,1,1,1,1,0,0,1
1914,0,0,0,1,1,0,1,1,1,1,0,1,0
1915,0,0,0,1,1,0,1,1,1,1,0,1,1
1916,0,0,0,1,1,0,1,1,1,1,1,0,0
1917,0,0,0,1,1,0,1,1,1,1,1,0,1
1918,0,0,0,1,1,0,1,1,1,1,1,1,0
1919,0,0,0,1,1,0,1,1,1,1,1,1,1
1920,0,0,0,1,1,1,0,0,0,0,0,0,0
1921,0,0,0,1,1,1,0,0,0,0,0,0,1
1922,0,0,0,1,1,1,0,0,0,0,0,1,0
1923,0,0,0,1,1,1,0,0,0,0,0,1,1
1924,0,0,0,1,1,1,0,0,0,0,1,0,0
1925,0,0,0,1,1,1,0,0,0,0,1,0,1
1926,0,0,0,1,1,1,0,0,0,0,1,1,0
1927,0,0,0,1,1,1,0,0,0,0,1,1,1
1928,0,0,0,1,1,1,0,0,0,1,0,0,0
1929,0,0,0,1,1,1,0,0,0,1,0,0,1
1930,0,0,0,1,1,1,0,0,0,1,0,1,0
1931,0,0,0,1,1,1,0,0,0,1,0,1,1
1932,0,0,0,1,1,1,0,0,0,1,1,0,0
1933,0,0,0,1,1,1,0,0,0,1,1,0,1
1934,0,0,0,1,1,1,0,0,0,1,1,1,0
1935,0,0,0,1,1,1,0,0,0,1,1,1,1
1936,0,0,0,1,1,1,0,0,1,0,0,0,0
1937,0,0,0,1,1,1,0,0,1,0,0,0,1
1938,0,0,0,1,1,1,0,0,1,0,0,1,0
1939,0,0,0,1,1,1,0,0,1,0,0,1,1
1940,0,0,0,1,1,1,0,0,1,0,1,0,0
1941,0,0,0,1,1,1,0,0,1,0,1,0,1
1942,0,0,0,1,1,1,0,0,1,0,1,1,0
1943,0,0,0,1,1,1,0,0,1,0,1,1,1
1944,0,0,0,1,1,1,0,0,1,1,0,0,0
1945,0,0,0,1,1,1,0,0,1,1,0,0,1
1946,0,0,0,1,1,1,0,0,1,1,0,1,0
1947,0,0,0,1,1,1,0,0,1,1,0,1,1
1948,0,0,0,1,1,1,0,0,1,1,1,0,0
1949,0,0,0,1,1,1,0,0,1,1,1,0,1
1950,0,0,0,1,1,1,0,0,1,1,1,1,0
1951,0,0,0,1,1,1,0,0,1,1,1,1,1
1952,0,0,0,1,1,1,0,1,0,0,0,0,0
1953,0,0,0,1,1,1,0,1,0,0,0,0,1
1954,0,0,0,1,1,1,0,1,0,0,0,1,0
1955,0,0,0,1,1,1,0,1,0,0,0,1,1
1956,0,0,0,1,1,1,0,1,0,0,1,0,0
1957,0,0,0,1,1,1,0,1,0,0,1,0,1
1958,0,0,0,1,1,1,0,1,0,0,1,1,0
1959,0,0,0,1,1,1,0,1,0,0,1,1,1
1960,0,0,0,1,1,1,0,1,0,1,0,0,0
1961,0,0,0,1,1,1,0,1,0,1,0,0,1
1962,0,0,0,1,1,1,0,1,0,1,0,1,0
1963,0,0,0,1,1,1,0,1,0,1,0,1,1
1964,0,0,0,1,1,1,0,1,0,1,1,0,0
1965,0,0,0,1,1,1,0,1,0,1,1,0,1
1966,0,0,0,1,1,1,0,1,0,1,1,1,0
1967,0,0,0,1,1,1,0,1,0,1,1,1,1
1968,0,0,0,1,1,1,0,1,1,0,0,0,0
1969,0,0,0,1,1,1,0,1,1,0,0,0,1
1970,0,0,0,1,1,1,0,1,1,0,0,1,0
1971,0,0,0,1,1,1,0,1,1,0,0,1,1
1972,0,0,0,1,1,1,0,1,1,0,1,0,0
1973,0,0,0,1,1,1,0,1,1,0,1,0,1
1974,0,0,0,1,1,1,0,1,1,0,1,1,0
1975,0,0,0,1,1,1,0,1,1,0,1,1,1
1976,0,0,0,1,1,1,0,1,1,1,0,0,0
1977,0,0,0,1,1,1,0,1,1,1,0,0,1
1978,0,0,0,1,1,1,0,1,1,1,0,1,0
1979,0,0,0,1,1,1,0,1,1,1,0,1,1
1980,0,0,0,1,1,1,0,1,1,1,1,0,0
1981,0,0,0,1,1,1,0,1,1,1,1,0,1
1982,0,0,0,1,1,1,0,1,1,1,1,1,0
1983,0,0,0,1,1,1,0,1,1,1,1,1,1
1984,0,0,0,1,1,1,1,0,0,0,0,0,0
1985,0,0,0,1,1,1,1,0,0,0,0,0,1
1986,0,0,0,1,1,1,1,0,0,0,0,1,0
1987,0,0,0,1,1,1,1,0,0,0,0,1,1
1988,0,0,0,1,1,1,1,0,0,0,1,0,0
1989,0,0,0,1,1,1,1,0,0,0,1,0,1
1990,0,0,0,1,1,1,1,0,0,0,1,1,0
1991,0,0,0,1,1,1,1,0,0,0,1,1,1
1992,0,0,0,1,1,1,1,0,0,1,0,0,0
1993,0,0,0,1,1,1,1,0,0,1,0,0,1
1994,0,0,0,1,1,1,1,0,0,1,0,1,0
1995,0,0,0,1,1,1,1,0,0,1,0,1,1
1996,0,0,0,1,1,1,1,0,0,1,1,0,0
1997,0,0,0,1,1,1,1,0,0,1,1,0,1
1998,0,0,0,1,1,1,1,0,0,1,1,1,0
1999,0,0,0,1,1,1,1,0,0,1,1,1,1
2000,0,0,0,1,1,1,1,0,1,0,0,0,0
2001,0,0,0,1,1,1,1,0,1,0,0,0,1
2002,0,0,0,1,1,1,1,0,1,0,0,1,0
2003,0,0,0,1,1,1,1,0,1,0,0,1,1
2004,0,0,0,1,1,1,1,0,1,0,1,0,0
2005,0,0,0,1,1,1,1,0,1,0,1,0,1
2006,0,0,0,1,1,1,1,0,1,0,1,1,0
2007,0,0,0,1,1,1,1,0,1,0,1,1,1
2008,0,0,0,1,1,1,1,0,1,1,0,0,0
2009,0,0,0,1,1,1,1,0,1,1,0,0,1
2010,0,0,0,1,1,1,1,0,1,1,0,1,0
2011,0,0,0,1,1,1,1,0,1,1,0,1,1
2012,0,0,0,1,1,1,1,0,1,1,1,0,0
2013,0,0,0,1,1,1,1,0,1,1,1,0,1
2014,0,0,0,1,1,1,1,0,1,1,1,1,0
2015,0,0,0,1,1,1,1,0,1,1,1,1,1
2016,0,0,0,1,1,1,1,1,0,0,0,0,0
2017,0,0,0,1,1,1,1,1,0,0,0,0,1
2018,0,0,0,1,1,1,1,1,0,0,0,1,0
2019,0,0,0,1,1,1,1,1,0,0,0,1,1
2020,0,0,0,1,1,1,1,1,0,0,1,0,0
2021,0,0,0,1,1,1,1,1,0,0,1,0,1
2022,0,0,0,1,1,1,1,1,0,0,1,1,0
2023,0,0,0,1,1,1,1,1,0,0,1,1,1
2024,0,0,0,1,1,1,1,1,0,1,0,0,0
2025,0,0,0,1,1,1,1,1,0,1,0,0,1
2026,0,0,0,1,1,1,1,1,0,1,0,1,0
2027,0,0,0,1,1,1,1,1,0,1,0,1,1
2028,0,0,0,1,1,1,1,1,0,1,1,0,0
2029,0,0,0,1,1,1,1,1,0,1,1,0,1
2030,0,0,0,1,1,1,1,1,0,1,1,1,0
2031,0,0,0,1,1,1,1,1,0,1,1,1,1
2032,0,0,0,1,1,1,1,1,1,0,0,0,0
2033,0,0,0,1,1,1,1,1,1,0,0,0,1
2034,0,0,0,1,1,1,1,1,1,0,0,1,0
2035,0,0,0,1,1,1,1,1,1,0,0,1,1
2036,0,0,0,1,1,1,1,1,1,0,1,0,0
2037,0,0,0,1,1,1,1,1,1,0,1,0,1
2038,0,0,0,1,1,1,1,1,1,0,1,1,0
2039,0,0,0,1,1,1,1,1,1,0,1,1,1
2040,0,0,0,1,1,1,1,1,1,1,0,0,0
2041,0,0,0,1,1,1,1,1,1,1,0,0,1
2042,0,0,0,1,1,1,1,1,1,1,0,1,0
2043,0,0,0,1,1,1,1,1,1,1,0,1,1
2044,0,0,0,1,1,1,1,1,1,1,1,0,0
2045,0,0,0,1,1,1,1,1,1,1,1,0,1
2046,0,0,0,1,1,1,1,1,1,1,1,1,0
2047,0,0,0,1,1,1,1,1,1,1,1,1,1
2048,0,0,0,0,0,0,0,0,0,0,0,0,0
2049,0,0,0,0,0,0,0,0,0,0,0,0,1
2050,0,0,0,0,0,0,0,0,0,0,0,1,0
2051,0,0,0,0,0,0,0,0,0,0,0,1,1
2052,0,0,0,0,0,0,0,0,0,0,1,0,0
2053,0,0,0,0,0,0,0,0,0,0,1,0,1
2054,0,0,0,0,0,0,0,0,0,0,1,1,0
2055,0,0,0,0,0,0,0,0,0,0,1,1,1
2056,0,0,0,0,0,0,0,0,0,1,0,0,0
2057,0,0,0,0,0,0,0,0,0,1,0,0,1
2058,0,0,0,0,0,0,0,0,0,1,0,1,0
2059,0,0,0,0,0,0,0,0,0,1,0,1,1
2060,0,0,0,0,0,0,0,0,0,1,1,0,0
2061,0,0,0,0,0,0,0,0,0,1,1,0,1
2062,0,0,0,0,0,0,0,0,0,1,1,1,0
2063,0,0,0,0,0,0,0,0,0,1,1,1,1
2064,0,0,0,0,0,0,0,0,1,0,0,0,0
2065,0,0,0,0,0,0,0,0,1,0,0,0,1
2066,0,0,0,0,0,0,0,0,1,0,0,1,0
2067,0,0,0,0,0,0,0,0,1,0,0,1,1
2068,0,0,0,0,0,0,0,0,1,0,1,0,0
2069,0,0,0,0,0,0,0,0,1,0,1,0,1
2070,0,0,0,0,0,0,0,0,1,0,1,1,0
2071,0,0,0,0,0,0,0,0,1,0,1,1,1
2072,0,0,0,0,0,0,0,0,1,1,0,0,0
2073,0,0,0,0,0,0,0,0,1,1,0,0,1
2074,0,0,0,0,0,0,0,0,1,1,0,1,0
2075,0,0,0,0,0,0,0,0,1,1,0,1,1
2076,0,0,0,0,0,0,0,0,1,1,1,0,0
2077,0,0,0,0,0,0,0,0,1,1,1,0,1
2078,0,0,0,0,0,0,0,0,1,1,1,1,0
2079,0,0,0,0,0,0,0,0,1,1,1,1,1
2080,0,0,0,0,0,0,0,1,0,0,0,0,0
2081,0,0,0,0,0,0,0,1,0,0,0,0,1
2082,0,0,0,0,0,0,0,1,0,0,0,1,0
2083,0,0,0,0,0,0,0,1,0,0,0,1,1
2084,0,0,0,0,0,0,0,1,0,0,1,0,0
2085,0,0,0,0,0,0,0,1,0,0,1,0,1
2086,0,0,0,0,0,0,0,1,0,0,1,1,0
2087,0,0,0,0,0,0,0,1,0,0,1,1,1
2088,0,0,0,0,0,0,0,1,0,1,0,0,0
2089,0,0,0,0,0,0,0,1,0,1,0,0,1
2090,0,0,0,0,0,0,0,1,0,1,0,1,0
2091,0,0,0,0,0,0,0,1,0,1,0,1,1
2092,0,0,0,0,0,0,0,1,0,1,1,0,0
2093,0,0,0,0,0,0,0,1,0,1,1,0,1
2094,0,0,0,0,0,0,0,1,0,1,1,1,0
2095,0,0,0,0,0,0,0,1,0,1,1,1,1
2096,0,0,0,0,0,0,0,1,1,0,0,0,0
2097,0,0,0,0,0,0,0,1,1,0,0,0,1
2098,0,0,0,0,0,0,0,1,1,0,0,1,0
2099,0,0,0,0,0,0,0,1,1,0,0,1,1
2100,0,0,0,0,0,0,0,1,1,0,1,0,0
2101,0,0,0,0,0,0,0,1,1,0,1,0,1
2102,0,0,0,0,0,0,0,1,1,0,1,1,0
2103,0,0,0,0,0,0,0,1,1,0,1,1,1
2104,0,0,0,0,0,0,0,1,1,1,0,0,0
2105,0,0,0,0,0,0,0,1,1,1,0,0,1
2106,0,0,0,0,0,0,0,1,1,1,0,1,0
2107,0,0,0,0,0,0,0,1,1,1,0,1,1
2108,0,0,0,0,0,0,0,1,1,1,1,0,0
2109,0,0,0,0,0,0,0,1,1,1,1,0,1
2110,0,0,0,0,0,0,0,1,1,1,1,1,0
2111,0,0,0,0,0,0,0,1,1,1,1,1,1
2112,0,0,0,0,0,0,1,0,0,0,0,0,0
2113,0,0,0,0,0,0,1,0,0,0,0,0,1
2114,0,0,0,0,0,0,1,0,0,0,0,1,0
2115,0,0,0,0,0,0,1,0,0,0,0,1,1
2116,0,0,0,0,0,0,1,0,0,0,1,0,0
2117,0,0,0,0,0,0,1,0,0,0,1,0,1
2118,0,0,0,0,0,0,1,0,0,0,1,1,0
2119,0,0,0,0,0,0,1,0,0,0,1,1,1
2120,0,0,0,0,0,0,1,0,0,1,0,0,0
2121,0,0,0,0,0,0,1,0,0,1,0,0,1
2122,0,0,0,0,0,0,1,0,0,1,0,1,0
2123,0,0,0,0,0,0,1,0,0,1,0,1,1
2124,0,0,0,0,0,0,1,0,0,1,1,0,0
2125,0,0,0,0,0,0,1,0,0,1,1,0,1
2126,0,0,0,0,0,0,1,0,0,1,1,1,0
2127,0,0,0,0,0,0,1,0,0,1,1,1,1
2128,0,0,0,0,0,0,1,0,1,0,0,0,0
2129,0,0,0,0,0,0,1,0,1,0,0,0,1
2130,0,0,0,0,0,0,1,0,1,0,0,1,0
2131,0,0,0,0,0,0,1,0,1,0,0,1,1
2132,0,0,0,0,0,0,1,0,1,0,1,0,0
2133,0,0,0,0,0,0,1,0,1,0,1,0,1
2134,0,0,0,0,0,0,1,0,1,0,1,1,0
2135,0,0,0,0,0,0,1,0,1,0,1,1,1
2136,0,0,0,0,0,0,1,0,1,1,0,0,0
2137,0,0,0,0,0,0,1,0,1,1,0,0,1
2138,0,0,0,0,0,0,1,0,1,1,0,1,0
2139,0,0,0,0,0,0,1,0,1,1,0,1,1
2140,0,0,0,0,0,0,1,0,1,1,1,0,0
2141,0,0,0,0,0,0,1,0,1,1,1,0,1
2142,0,0,0,0,0,0,1,0,1,1,1,1,0
2143,0,0,0,0,0,0,1,0,1,1,1,1,1
2144,0,0,0,0,0,0,1,1,0,0,0,0,0
2145,0,0,0,0,0,0,1,1,0,0,0,0,1
2146,0,0,0,0,0,0,1,1,0,0,0,1,0
2147,0,0,0,0,0,0,1,1,0,0,0,1,1
2148,0,0,0,0,0,0,1,1,0,0,1,0,0
2149,0,0,0,0,0,0,1,1,0,0,1,0,1
2150,0,0,0,0,0,0,1,1,0,0,1,1,0
2151,0,0,0,0,0,0,1,1,0,0,1,1,1
2152,0,0,0,0,0,0,1,1,0,1,0,0,0
2153,0,0,0,0,0,0,1,1,0,1,0,0,1
2154,0,0,0,0,0,0,1,1,0,1,0,1,0
2155,0,0,0,0,0,0,1,1,0,1,0,1,1
2156,0,0,0,0,0,0,1,1,0,1,1,0,0
2157,0,0,0,0,0,0,1,1,0,1,1,0,1
2158,0,0,0,0,0,0,1,1,0,1,1,1,0
2159,0,0,0,0,0,0,1,1,0,1,1,1,1
2160,0,0,0,0,0,0,1,1,1,0,0,0,0
2161,0,0,0,0,0,0,1,1,1,0,0,0,1
2162,0,0,0,0,0,0,1,1,1,0,0,1,0
2163,0,0,0,0,0,0,1,1,1,0,0,1,1
2164,0,0,0,0,0,0,1,1,1,0,1,0,0
2165,0,0,0,0,0,0,1,1,1,0,1,0,1
2166,0,0,0,0,0,0,1,1,1,0,1,1,0
2167,0,0,0,0,0,0,1,1,1,0,1,1,1
2168,0,0,0,0,0,0,1,1,1,1,0,0,0
2169,0,0,0,0,0,0,1,1,1,1,0,0,1
2170,0,0,0,0,0,0,1,1,1,1,0,1,0
2171,0,0,0,0,0,0,1,1,1,1,0,1,1
2172,0,0,0,0,0,0,1,1,1,1,1,0,0
2173,0,0,0,0,0,0,1,1,1,1,1,0,1
2174,0,0,0,0,0,0,1,1,1,1,1,1,0
2175,0,0,0,0,0,0,1,1,1,1,1,1,1
2176,0,0,0,0,0,1,0,0,0,0,0,0,0
2177,0,0,0,0,0,1,0,0,0,0,0,0,1
2178,0,0,0,0,0,1,0,0,0,0,0,1,0
2179,0,0,0,0,0,1,0,0,0,0,0,1,1
2180,0,0,0,0,0,1,0,0,0,0,1,0,0
2181,0,0,0,0,0,1,0,0,0,0,1,0,1
2182,0,0,0,0,0,1,0,0,0,0,1,1,0
2183,0,0,0,0,0,1,0,0,0,0,1,1,1
2184,0,0,0,0,0,1,0,0,0,1,0,0,0
2185,0,0,0,0,0,1,0,0,0,1,0,0,1
2186,0,0,0,0,0,1,0,0,0,1,0,1,0
2187,0,0,0,0,0,1,0,0,0,1,0,1,1
2188,0,0,0,0,0,1,0,0,0,1,1,0,0
2189,0,0,0,0,0,1,0,0,0,1,1,0,1
2190,0,0,0,0,0,1,0,0,0,1,1,1,0
2191,0,0,0,0,0,1,0,0,0,1,1,1,1
2192,0,0,0,0,0,1,0,0,1,0,0,0,0
2193,0,0,0,0,0,1,0,0,1,0,0,0,1
2194,0,0,0,0,0,1,0,0,1,0,0,1,0
2195,0,0,0,0,0,1,0,0,1,0,0,1,1
2196,0,0,0,0,0,1,0,0,1,0,1,0,0
2197,0,0,0,0,0,1,0,0,1,0,1,0,1
2198,0,0,0,0,0,1,0,0,1,0,1,1,0
2199,0,0,0,0,0,1,0,0,1,0,1,1,1
2200,0,0,0,0,0,1,0,0,1,1,0,0,0
2201,0,0,0,0,0,1,0,0,1,1,0,0,1
2202,0,0,0,0,0,1,0,0,1,1,0,1,0
2203,0,0,0,0,0,1,0,0,1,1,0,1,1
2204,0,0,0,0,0,1,0,0,1,1,1,0,0
2205,0,0,0,0,0,1,0,0,1,1,1,0,1
2206,0,0,0,0,0,1,0,0,1,1,1,1,0
2207,0,0,0,0,0,1,0,0,1,1,1,1,1
2208,0,0,0,0,0,1,0,1,0,0,0,0,0
2209,0,0,0,0,0,1,0,1,0,0,0,0,1
2210,0,0,0,0,0,1,0,1,0,0,0,1,0
2211,0,0,0,0,0,1,0,1,0,0,0,1,1
2212,0,0,0,0,0,1,0,1,0,0,1,0,0
2213,0,0,0,0,0,1,0,1,0,0,1,0,1
2214,0,0,0,0,0,1,0,1,0,0,1,1,0
2215,0,0,0,0,0,1,0,1,0,0,1,1,1
2216,0,0,0,0,0,1,0,1,0,1,0,0,0
2217,0,0,0,0,0,1,0,1,0,1,0,0,1
2218,0,0,0,0,0,1,0,1,0,1,0,1,0
2219,0,0,0,0,0,1,0,1,0,1,0,1,1
2220,0,0,0,0,0,1,0,1,0,1,1,0,0
2221,0,0,0,0,0,1,0,1,0,1,1,0,1
2222,0,0,0,0,0,1,0,1,0,1,1,1,0
2223,0,0,0,0,0,1,0,1,0,1,1,1,1
2224,0,0,0,0,0,1,0,1,1,0,0,0,0
2225,0,0,0,0,0,1,0,1,1,0,0,0,1
2226,0,0,0,0,0,1,0,1,1,0,0,1,0
2227,0,0,0,0,0,1,0,1,1,0,0,1,1
2228,0,0,0,0,0,1,0,1,1,0,1,0,0
2229,0,0,0,0,0,1,0,1,1,0,1,0,1
2230,0,0,0,0,0,1,0,1,1,0,1,1,0
2231,0,0,0,0,0,1,0,1,1,0,1,1,1
2232,0,0,0,0,0,1,0,1,1,1,0,0,0
2233,0,0,0,0,0,1,0,1,1,1,0,0,1
2234,0,0,0,0,0,1,0,1,1,1,0,1,0
2235,0,0,0,0,0,1,0,1,1,1,0,1,1
2236,0,0,0,0,0,1,0,1,1,1,1,0,0
2237,0,0,0,0,0,1,0,1,1,1,1,0,1
2238,0,0,0,0,0,1,0,1,1,1,1,1,0
2239,0,0,0,0,0,1,0,1,1,1,1,1,1
2240,0,0,0,0,0,1,1,0,0,0,0,0,0
2241,0,0,0,0,0,1,1,0,0,0,0,0,1
2242,0,0,0,0,0,1,1,0,0,0,0,1,0
2243,0,0,0,0,0,1,1,0,0,0,0,1,1
2244,0,0,0,0,0,1,1,0,0,0,1,0,0
2245,0,0,0,0,0,1,1,0,0,0,1,0,1
2246,0,0,0,0,0,1,1,0,0,0,1,1,0
2247,0,0,0,0,0,1,1,0,0,0,1,1,1
2248,0,0,0,0,0,1,1,0,0,1,0,0,0
2249,0,0,0,0,0,1,1,0,0,1,0,0,1
2250,0,0,0,0,0,1,1,0,0,1,0,1,0
2251,0,0,0,0,0,1,1,0,0,1,0,1,1
2252,0,0,0,0,0,1,1,0,0,1,1,0,0
2253,0,0,0,0,0,1,1,0,0,1,1,0,1
2254,0,0,0,0,0,1,1,0,0,1,1,1,0
2255,0,0,0,0,0,1,1,0,0,1,1,1,1
2256,0,0,0,0,0,1,1,0,1,0,0,0,0
2257,0,0,0,0,0,1,1,0,1,0,0,0,1
2258,0,0,0,0,0,1,1,0,1,0,0,1,0
2259,0,0,0,0,0,1,1,0,1,0,0,1,1
2260,0,0,0,0,0,1,1,0,1,0,1,0,0
2261,0,0,0,0,0,1,1,0,1,0,1,0,1
2262,0,0,0,0,0,1,1,0,1,0,1,1,0
2263,0,0,0,0,0,1,1,0,1,0,1,1,1
2264,0,0,0,0,0,1,1,0,1,1,0,0,0
2265,0,0,0,0,0,1,1,0,1,1,0,0,1
2266,0,0,0,0,0,1,1,0,1,1,0,1,0
2267,0,0,0,0,0,1,1,0,1,1,0,1,1
2268,0,0,0,0,0,1,1,0,1,1,1,0,0
2269,0,0,0,0,0,1,1,0,1,1,1,0,1
2270,0,0,0,0,0,1,1,0,1,1,1,1,0
2271,0,0,0,0,0,1,1,0,1,1,1,1,1
2272,0,0,0,0,0,1,1,1,0,0,0,0,0
2273,0,0,0,0,0,1,1,1,0,0,0,0,1
2274,0,0,0,0,0,1,1,1,0,0,0,1,0
2275,0,0,0,0,0,1,1,1,0,0,0,1,1
2276,0,0,0,0,0,1,1,1,0,0,1,0,0
2277,0,0,0,0,0,1,1,1,0,0,1,0,1
2278,0,0,0,0,0,1,1,1,0,0,1,1,0
2279,0,0,0,0,0,1,1,1,0,0,1,1,1
2280,0,0,0,0,0,1,1,1,0,1,0,0,0
2281,0,0,0,0,0,1,1,1,0,1,0,0,1
2282,0,0,0,0,0,1,1,1,0,1,0,1,0
2283,0,0,0,0,0,1,1,1,0,1,0,1,1
2284,0,0,0,0,0,1,1,1,0,1,1,0,0
2285,0,0,0,0,0,1,1,1,0,1,1,0,1
2286,0,0,0,0,0,1,1,1,0,1,1,1,0
2287,0,0,0,0,0,1,1,1,0,1,1,1,1
2288,0,0,0,0,0,1,1,1,1,0,0,0,0
2289,0,0,0,0,0,1,1,1,1,0,0,0,1
2290,0,0,0,0,0,1,1,1,1,0,0,1,0
2291,0,0,0,0,0,1,1,1,1,0,0,1,1
2292,0,0,0,0,0,1,1,1,1,0,1,0,0
2293,0,0,0,0,0,1,1,1,1,0,1,0,1
2294,0,0,0,0,0,1,1,1,1,0,1,1,0
2295,0,0,0,0,0,1,1,1,1,0,1,1,1
2296,0,0,0,0,0,1,1,1,1,1,0,0,0
2297,0,0,0,0,0,1,1,1,1,1,0,0,1
2298,0,0,0,0,0,1,1,1,1,1,0,1,0
2299,0,0,0,0,0,1,1,1,1,1,0,1,1
2300,0,0,0,0,0,1,1,1,1,1,1,0,0
2301,0,0,0,0,0,1,1,1,1,1,1,0,1
2302,0,0,0,0,0,1,1,1,1,1,1,1,0
2303,0,0,0,0,0,1,1,1,1,1,1,1,1
2304,0,0,0,0,1,0,0,0,0,0,0,0,0
2305,0,0,0,0,1,0,0,0,0,0,0,0,1
2306,0,0,0,0,1,0,0,0,0,0,0,1,0
2307,0,0,0,0,1,0,0,0,0,0,0,1,1
2308,0,0,0,0,1,0,0,0,0,0,1,0,0
2309,0,0,0,0,1,0,0,0,0,0,1,0,1
2310,0,0,0,0,1,0,0,0,0,0,1,1,0
2311,0,0,0,0,1,0,0,0,0,0,1,1,1
2312,0,0,0,0,1,0,0,0,0,1,0,0,0
2313,0,0,0,0,1,0,0,0,0,1,0,0,1
2314,0,0,0,0,1,0,0,0,0,1,0,1,0
2315,0,0,0,0,1,0,0,0,0,1,0,1,1
2316,0,0,0,0,1,0,0,0,0,1,1,0,0
2317,0,0,0,0,1,0,0,0,0,1,1,0,1
2318,0,0,0,0,1,0,0,0,0,1,1,1,0
2319,0,0,0,0,1,0,0,0,0,1,1,1,1
2320,0,0,0,0,1,0,0,0,1,0,0,0,0
2321,0,0,0,0,1,0,0,0,1,0,0,0,1
2322,0,0,0,0,1,0,0,0,1,0,0,1,0
2323,0,0,0,0,1,0,0,0,1,0,0,1,1
2324,0,0,0,0,1,0,0,0,1,0,1,0,0
2325,0,0,0,0,1,0,0,0,1,0,1,0,1
2326,0,0,0,0,1,0,0,0,1,0,1,1,0
2327,0,0,0,0,1,0,0,0,1,0,1,1,1
2328,0,0,0,0,1,0,0,0,1,1,0,0,0
2329,0,0,0,0,1,0,0,0,1,1,0,0,1
2330,0,0,0,0,1,0,0,0,1,1,0,1,0
2331,0,0,0,0,1,0,0,0,1,1,0,1,1
2332,0,0,0,0,1,0,0,0,1,1,1,0,0
2333,0,0,0,0,1,0,0,0,1,1,1,0,1
2334,0,0,0,0,1,0,0,0,1,1,1,1,0
2335,0,0,0,0,1,0,0,0,1,1,1,1,1
2336,0,0,0,0,1,0,0,1,0,0,0,0,0
2337,0,0,0,0,1,0,0,1,0,0,0,0,1
2338,0,0,0,0,1,0,0,1,0,0,0,1,0
2339,0,0,0,0,1,0,0,1,0,0,0,1,1
2340,0,0,0,0,1,0,0,1,0,0,1,0,0
2341,0,0,0,0,1,0,0,1,0,0,1,0,1
2342,0,0,0,0,1,0,0,1,0,0,1,1,0
2343,0,0,0,0,1,0,0,1,0,0,1,1,1
2344,0,0,0,0,1,0,0,1,0,1,0,0,0
2345,0,0,0,0,1,0,0,1,0,1,0,0,1
2346,0,0,0,0,1,0,0,1,0,1,0,1,0
2347,0,0,0,0,1,0,0,1,0,1,0,1,1
2348,0,0,0,0,1,0,0,1,0,1,1,0,0
2349,0,0,0,0,1,0,0,1,0,1,1,0,1
2350,0,0,0,0,1,0,0,1,0,1,1,1,0
2351,0,0,0,0,1,0,0,1,0,1,1,1,1
2352,0,0,0,0,1,0,0,1,1,0,0,0,0
2353,0,0,0,0,1,0,0,1,1,0,0,0,1
2354,0,0,0,0,1,0,0,1,1,0,0,1,0
2355,0,0,0,0,1,0,0,1,1,0,0,1,1
2356,0,0,0,0,1,0,0,1,1,0,1,0,0
2357,0,0,0,0,1,0,0,1,1,0,1,0,1
2358,0,0,0,0,1,0,0,1,1,0,1,1,0
2359,0,0,0,0,1,0,0,1,1,0,1,1,1
2360,0,0,0,0,1,0,0,1,1,1,0,0,0
2361,0,0,0,0,1,0,0,1,1,1,0,0,1
2362,0,0,0,0,1,0,0,1,1,1,0,1,0
2363,0,0,0,0,1,0,0,1,1,1,0,1,1
2364,0,0,0,0,1,0,0,1,1,1,1,0,0
2365,0,0,0,0,1,0,0,1,1,1,1,0,1
2366,0,0,0,0,1,0,0,1,1,1,1,1,0
2367,0,0,0,0,1,0,0,1,1,1,1,1,1
2368,0,0,0,0,1,0,1,0,0,0,0,0,0
2369,0,0,0,0,1,0,1,0,0,0,0,0,1
2370,0,0,0,0,1,0,1,0,0,0,0,1,0
2371,0,0,0,0,1,0,1,0,0,0,0,1,1
2372,0,0,0,0,1,0,1,0,0,0,1,0,0
2373,0,0,0,0,1,0,1,0,0,0,1,0,1
2374,0,0,0,0,1,0,1,0,0,0,1,1,0
2375,0,0,0,0,1,0,1,0,0,0,1,1,1
2376,0,0,0,0,1,0,1,0,0,1,0,0,0
2377,0,0,0,0,1,0,1,0,0,1,0,0,1
2378,0,0,0,0,1,0,1,0,0,1,0,1,0
2379,0,0,0,0,1,0,1,0,0,1,0,1,1
2380,0,0,0,0,1,0,1,0,0,1,1,0,0
2381,0,0,0,0,1,0,1,0,0,1,1,0,1
2382,0,0,0,0,1,0,1,0,0,1,1,1,0
2383,0,0,0,0,1,0,1,0,0,1,1,1,1
2384,0,0,0,0,1,0,1,0,1,0,0,0,0
2385,0,0,0,0,1,0,1,0,1,0,0,0,1
2386,0,0,0,0,1,0,1,0,1,0,0,1,0
2387,0,0,0,0,1,0,1,0,1,0,0,1,1
2388,0,0,0,0,1,0,1,0,1,0,1,0,0
2389,0,0,0,0,1,0,1,0,1,0,1,0,1
2390,0,0,0,0,1,0,1,0,1,0,1,1,0
2391,0,0,0,0,1,0,1,0,1,0,1,1,1
2392,0,0,0,0,1,0,1,0,1,1,0,0,0
2393,0,0,0,0,1,0,1,0,1,1,0,0,1
2394,0,0,0,0,1,0,1,0,1,1,0,1,0
2395,0,0,0,0,1,0,1,0,1,1,0,1,1
2396,0,0,0,0,1,0,1,0,1,1,1,0,0
2397,0,0,0,0,1,0,1,0,1,1,1,0,1
2398,0,0,0,0,1,0,1,0,1,1,1,1,0
2399,0,0,0,0,1,0,1,0,1,1,1,1,1
2400,0,0,0,0,1,0,1,1,0,0,0,0,0
2401,0,0,0,0,1,0,1,1,0,0,0,0,1
2402,0,0,0,0,1,0,1,1,0,0,0,1,0
2403,0,0,0,0,1,0,1,1,0,0,0,1,1
2404,0,0,0,0,1,0,1,1,0,0,1,0,0
2405,0,0,0,0,1,0,1,1,0,0,1,0,1
2406,0,0,0,0,1,0,1,1,0,0,1,1,0
2407,0,0,0,0,1,0,1,1,0,0,1,1,1
2408,0,0,0,0,1,0,1,1,0,1,0,0,0
2409,0,0,0,0,1,0,1,1,0,1,0,0,1
2410,0,0,0,0,1,0,1,1,0,1,0,1,0
2411,0,0,0,0,1,0,1,1,0,1,0,1,1
2412,0,0,0,0,1,0,1,1,0,1,1,0,0
2413,0,0,0,0,1,0,1,1,0,1,1,0,1
2414,0,0,0,0,1,0,1,1,0,1,1,1,0
2415,0,0,0,0,1,0,1,1,0,1,1,1,1
2416,0,0,0,0,1,0,1,1,1,0,0,0,0
2417,0,0,0,0,1,0,1,1,1,0,0,0,1
2418,0,0,0,0,1,0,1,1,1,0,0,1,0
2419,0,0,0,0,1,0,1,1,1,0,0,1,1
2420,0,0,0,0,1,0,1,1,1,0,1,0,0
2421,0,0,0,0,1,0,1,1,1,0,1,0,1
2422,0,0,0,0,1,0,1,1,1,0,1,1,0
2423,0,0,0,0,1,0,1,1,1,0,1,1,1
2424,0,0,0,0,1,0,1,1,1,1,0,0,0
2425,0,0,0,0,1,0,1,1,1,1,0,0,1
2426,0,0,0,0,1,0,1,1,1,1,0,1,0
2427,0,0,0,0,1,0,1,1,1,1,0,1,1
2428,0,0,0,0,1,0,1,1,1,1,1,0,0
2429,0,0,0,0,1,0,1,1,1,1,1,0,1
2430,0,0,0,0,1,0,1,1,1,1,1,1,0
2431,0,0,0,0,1,0,1,1,1,1,1,1,1
2432,0,0,0,0,1,1,0,0,0,0,0,0,0
2433,0,0,0,0,1,1,0,0,0,0,0,0,1
2434,0,0,0,0,1,1,0,0,0,0,0,1,0
2435,0,0,0,0,1,1,0,0,0,0,0,1,1
2436,0,0,0,0,1,1,0,0,0,0,1,0,0
2437,0,0,0,0,1,1,0,0,0,0,1,0,1
2438,0,0,0,0,1,1,0,0,0,0,1,1,0
2439,0,0,0,0,1,1,0,0,0,0,1,1,1
2440,0,0,0,0,1,1,0,0,0,1,0,0,0
2441,0,0,0,0,1,1,0,0,0,1,0,0,1
2442,0,0,0,0,1,1,0,0,0,1,0,1,0
2443,0,0,0,0,1,1,0,0,0,1,0,1,1
2444,0,0,0,0,1,1,0,0,0,1,1,0,0
2445,0,0,0,0,1,1,0,0,0,1,1,0,1
2446,0,0,0,0,1,1,0,0,0,1,1,1,0
2447,0,0,0,0,1,1,0,0,0,1,1,1,1
2448,0,0,0,0,1,1,0,0,1,0,0,0,0
2449,0,0,0,0,1,1,0,0,1,0,0,0,1
2450,0,0,0,0,1,1,0,0,1,0,0,1,0
2451,0,0,0,0,1,1,0,0,1,0,0,1,1
2452,0,0,0,0,1,1,0,0,1,0,1,0,0
2453,0,0,0,0,1,1,0,0,1,0,1,0,1
2454,0,0,0,0,1,1,0,0,1,0,1,1,0
2455,0,0,0,0,1,1,0,0,1,0,1,1,1
2456,0,0,0,0,1,1,0,0,1,1,0,0,0
2457,0,0,0,0,1,1,0,0,1,1,0,0,1
2458,0,0,0,0,1,1,0,0,1,1,0,1,0
2459,0,0,0,0,1,1,0,0,1,1,0,1,1
2460,0,0,0,0,1,1,0,0,1,1,1,0,0
2461,0,0,0,0,1,1,0,0,1,1,1,0,1
2462,0,0,0,0,1,1,0,0,1,1,1,1,0
2463,0,0,0,0,1,1,0,0,1,1,1,1,1
2464,0,0,0,0,1,1,0,1,0,0,0,0,0
2465,0,0,0,0,1,1,0,1,0,0,0,0,1
2466,0,0,0,0,1,1,0,1,0,0,0,1,0
2467,0,0,0,0,1,1,0,1,0,0,0,1,1
2468,0,0,0,0,1,1,0,1,0,0,1,0,0
2469,0,0,0,0,1,1,0,1,0,0,1,0,1
2470,0,0,0,0,1,1,0,1,0,0,1,1,0
2471,0,0,0,0,1,1,0,1,0,0,1,1,1
2472,0,0,0,0,1,1,0,1,0,1,0,0,0
2473,0,0,0,0,1,1,0,1,0,1,0,0,1
2474,0,0,0,0,1,1,0,1,0,1,0,1,0
2475,0,0,0,0,1,1,0,1,0,1,0,1,1
2476,0,0,0,0,1,1,0,1,0,1,1,0,0
2477,0,0,0,0,1,1,0,1,0,1,1,0,1
2478,0,0,0,0,1,1,0,1,0,1,1,1,0
2479,0,0,0,0,1,1,0,1,0,1,1,1,1
2480,0,0,0,0,1,1,0,1,1,0,0,0,0
2481,0,0,0,0,1,1,0,1,1,0,0,0,1
2482,0,0,0,0,1,1,0,1,1,0,0,1,0
2483,0,0,0,0,1,1,0,1,1,0,0,1,1
2484,0,0,0,0,1,1,0,1,1,0,1,0,0
2485,0,0,0,0,1,1,0,1,1,0,1,0,1
2486,0,0,0,0,1,1,0,1,1,0,1,1,0
2487,0,0,0,0,1,1,0,1,1,0,1,1,1
2488,0,0,0,0,1,1,0,1,1,1,0,0,0
2489,0,0,0,0,1,1,0,1,1,1,0,0,1
2490,0,0,0,0,1,1,0,1,1,1,0,1,0
2491,0,0,0,0,1,1,0,1,1,1,0,1,1
2492,0,0,0,0,1,1,0,1,1,1,1,0,0
2493,0,0,0,0,1,1,0,1,1,1,1,0,1
2494,0,0,0,0,1,1,0,1,1,1,1,1,0
2495,0,0,0,0,1,1,0,1,1,1,1,1,1
2496,0,0,0,0,1,1,1,0,0,0,0,0,0
2497,0,0,0,0,1,1,1,0,0,0,0,0,1
2498,0,0,0,0,1,1,1,0,0,0,0,1,0
2499,0,0,0,0,1,1,1,0,0,0,0,1,1
2500,0,0,0,0,1,1,1,0,0,0,1,0,0
2501,0,0,0,0,1,1,1,0,0,0,1,0,1
2502,0,0,0,0,1,1,1,0,0,0,1,1,0
2503,0,0,0,0,1,1,1,0,0,0,1,1,1
2504,0,0,0,0,1,1,1,0,0,1,0,0,0
2505,0,0,0,0,1,1,1,0,0,1,0,0,1
2506,0,0,0,0,1,1,1,0,0,1,0,1,0
2507,0,0,0,0,1,1,1,0,0,1,0,1,1
2508,0,0,0,0,1,1,1,0,0,1,1,0,0
2509,0,0,0,0,1,1,1,0,0,1,1,0,1
2510,0,0,0,0,1,1,1,0,0,1,1,1,0
2511,0,0,0,0,1,1,1,0,0,1,1,1,1
2512,0,0,0,0,1,1,1,0,1,0,0,0,0
2513,0,0,0,0,1,1,1,0,1,0,0,0,1
2514,0,0,0,0,1,1,1,0,1,0,0,1,0
2515,0,0,0,0,1,1,1,0,1,0,0,1,1
2516,0,0,0,0,1,1,1,0,1,0,1,0,0
2517,0,0,0,0,1,1,1,0,1,0,1,0,1
2518,0,0,0,0,1,1,1,0,1,0,1,1,0
2519,0,0,0,0,1,1,1,0,1,0,1,1,1
2520,0,0,0,0,1,1,1,0,1,1,0,0,0
2521,0,0,0,0,1,1,1,0,1,1,0,0,1
2522,0,0,0,0,1,1,1,0,1,1,0,1,0
2523,0,0,0,0,1,1,1,0,1,1,0,1,1
2524,0,0,0,0,1,1,1,0,1,1,1,0,0
2525,0,0,0,0,1,1,1,0,1,1,1,0,1
2526,0,0,0,0,1,1,1,0,1,1,1,1,0
2527,0,0,0,0,1,1,1,0,1,1,1,1,1
2528,0,0,0,0,1,1,1,1,0,0,0,0,0
2529,0,0,0,0,1,1,1,1,0,0,0,0,1
2530,0,0,0,0,1,1,1,1,0,0,0,1,0
2531,0,0,0,0,1,1,1,1,0,0,0,1,1
2532,0,0,0,0,1,1,1,1,0,0,1,0,0
2533,0,0,0,0,1,1,1,1,0,0,1,0,1
2534,0,0,0,0,1,1,1,1,0,0,1,1,0
2535,0,0,0,0,1,1,1,1,0,0,1,1,1
2536,0,0,0,0,1,1,1,1,0,1,0,0,0
2537,0,0,0,0,1,1,1,1,0,1,0,0,1
2538,0,0,0,0,1,1,1,1,0,1,0,1,0
2539,0,0,0,0,1,1,1,1,0,1,0,1,1
2540,0,0,0,0,1,1,1,1,0,1,1,0,0
2541,0,0,0,0,1,1,1,1,0,1,1,0,1
2542,0,0,0,0,1,1,1,1,0,1,1,1,0
2543,0,0,0,0,1,1,1,1,0,1,1,1,1
2544,0,0,0,0,1,1,1,1,1,0,0,0,0
2545,0,0,0,0,1,1,1,1,1,0,0,0,1
2546,0,0,0,0,1,1,1,1,1,0,0,1,0
2547,0,0,0,0,1,1,1,1,1,0,0,1,1
2548,0,0,0,0,1,1,1,1,1,0,1,0,0
2549,0,0,0,0,1,1,1,1,1,0,1,0,1
2550,0,0,0,0,1,1,1,1,1,0,1,1,0
2551,0,0,0,0,1,1,1,1,1,0,1,1,1
2552,0,0,0,0,1,1,1,1,1,1,0,0,0
2553,0,0,0,0,1,1,1,1,1,1,0,0,1
2554,0,0,0,0,1,1,1,1,1,1,0,1,0
2555,0,0,0,0,1,1,1,1,1,1,0,1,1
2556,0,0,0,0,1,1,1,1,1,1,1,0,0
2557,0,0,0,0,1,1,1,1,1,1,1,0,1
2558,0,0,0,0,1,1,1,1,1,1,1,1,0
2559,0,0,0,0,1,1,1,1,1,1,1,1,1
